<?xml version="1.0" encoding="UTF-8"?>
<talendfile:ProcessType xmi:version="2.0" xmlns:xmi="http://www.omg.org/XMI" xmlns:xsi="http://www.w3.org/2001/XMLSchema-instance" xmlns:TalendMapper="http://www.talend.org/mapper" xmlns:talendfile="platform:/resource/org.talend.model/model/TalendFile.xsd" defaultContext="Default" jobType="Standard">
  <context confirmationNeeded="false" name="Default">
    <contextParameter comment="" name="mssql_powerbi_Database" prompt="mssql_powerbi_Database?" promptNeeded="false" repositoryContextId="_FML-4H6kEeiA8ZBmqjYs_Q" type="id_String" value="power-bi"/>
    <contextParameter comment="" name="mssql_powerbi_Schema" prompt="mssql_powerbi_Schema?" promptNeeded="false" repositoryContextId="_FML-4H6kEeiA8ZBmqjYs_Q" type="id_String" value="dbo"/>
    <contextParameter comment="" name="mssql_powerbi_Server" prompt="mssql_powerbi_Server?" promptNeeded="false" repositoryContextId="_FML-4H6kEeiA8ZBmqjYs_Q" type="id_String" value="dbdevsrv"/>
    <contextParameter comment="" name="mssql_powerbi_Login" prompt="mssql_powerbi_Login?" promptNeeded="false" repositoryContextId="_FML-4H6kEeiA8ZBmqjYs_Q" type="id_String" value="powerbiusr"/>
    <contextParameter comment="" name="mssql_powerbi_AdditionalParams" prompt="mssql_powerbi_AdditionalParams?" promptNeeded="false" repositoryContextId="_FML-4H6kEeiA8ZBmqjYs_Q" type="id_String" value=""/>
    <contextParameter comment="" name="mssql_powerbi_Password" prompt="mssql_powerbi_Password?" promptNeeded="false" repositoryContextId="_FML-4H6kEeiA8ZBmqjYs_Q" type="id_Password" value="KZHLyJTXPQdgaXR04fz3ng=="/>
    <contextParameter comment="" name="mssql_powerbi_Port" prompt="mssql_powerbi_Port?" promptNeeded="false" repositoryContextId="_FML-4H6kEeiA8ZBmqjYs_Q" type="id_String" value="49352"/>
  </context>
  <parameters>
    <elementParameter field="TEXT" name="SCREEN_OFFSET_X" value="0" show="false"/>
    <elementParameter field="TEXT" name="SCREEN_OFFSET_Y" value="0" show="false"/>
    <elementParameter field="TEXT" name="REPOSITORY_CONNECTION_ID" value="" show="false"/>
    <elementParameter field="TEXT" name="OOZIE_PROPERTY_TYPENAME" value="" show="false"/>
    <elementParameter field="TEXT" name="OOZIE_HADOOP_DISTRIBUTION" value="" show="false"/>
    <elementParameter field="TEXT" name="OOZIE_HADOOP_VERSION" value="" show="false"/>
    <elementParameter field="TEXT" name="OOZIE_ENABLE_KERBEROS" value="" show="false"/>
    <elementParameter field="TEXT" name="OOZIE_NAME_NODE_PRINCIPAL" value="" show="false"/>
    <elementParameter field="TEXT" name="OOZIE_USERNAME" value="" show="false"/>
    <elementParameter field="TEXT" name="OOZIE_GROUP" value="" show="false"/>
    <elementParameter field="TEXT" name="OOZIE_USE_KEYTAB" value="" show="false"/>
    <elementParameter field="TEXT" name="OOZIE_KT_PRINCIPAL" value="" show="false"/>
    <elementParameter field="TEXT" name="OOZIE_KEY_TAB" value="" show="false"/>
    <elementParameter field="TEXT" name="OOZIE_ENABLE_OO_KERBEROS" value="" show="false"/>
    <elementParameter field="TEXT" name="OOZIE_NAME_NODE_END_POINT" value="" show="false"/>
    <elementParameter field="TEXT" name="OOZIE_JOB_TRACKER_ENDPOINT" value="" show="false"/>
    <elementParameter field="TEXT" name="OOZIE_END_POINT" value="" show="false"/>
    <elementParameter field="CHECK" name="IMPLICITCONTEXT_USE_PROJECT_SETTINGS" value="true" show="false"/>
    <elementParameter field="CHECK" name="STATANDLOG_USE_PROJECT_SETTINGS" value="true" show="false"/>
    <elementParameter field="CHECK" name="MULTI_THREAD_EXECATION" value="false"/>
    <elementParameter field="CHECK" name="IMPLICIT_TCONTEXTLOAD" value="false"/>
    <elementParameter field="RADIO" name="FROM_FILE_FLAG_IMPLICIT_CONTEXT" value="false" show="false"/>
    <elementParameter field="RADIO" name="FROM_DATABASE_FLAG_IMPLICIT_CONTEXT" value="false" show="false"/>
    <elementParameter field="FILE" name="IMPLICIT_TCONTEXTLOAD_FILE" value="&quot;&quot;" show="false"/>
    <elementParameter field="TEXT" name="FIELDSEPARATOR" value="&quot;&quot;" show="false"/>
    <elementParameter field="TECHNICAL" name="PROPERTY_TYPE_IMPLICIT_CONTEXT:PROPERTY_TYPE" value="" show="false"/>
    <elementParameter field="TECHNICAL" name="PROPERTY_TYPE_IMPLICIT_CONTEXT:REPOSITORY_PROPERTY_TYPE" value="" show="false"/>
    <elementParameter field="CLOSED_LIST" name="DB_TYPE_IMPLICIT_CONTEXT" value="" show="false"/>
    <elementParameter field="CLOSED_LIST" name="DB_VERSION_IMPLICIT_CONTEXT" value="" show="false"/>
    <elementParameter field="TEXT" name="URL_IMPLICIT_CONTEXT" value="&quot;&quot;" show="false"/>
    <elementParameter field="TABLE" name="DRIVER_JAR_IMPLICIT_CONTEXT" show="false"/>
    <elementParameter field="TEXT" name="DRIVER_CLASS_IMPLICIT_CONTEXT" value="&quot;&quot;" show="false"/>
    <elementParameter field="TEXT" name="HOST_IMPLICIT_CONTEXT" value="&quot;&quot;" show="false"/>
    <elementParameter field="TEXT" name="PORT_IMPLICIT_CONTEXT" value="&quot;&quot;" show="false"/>
    <elementParameter field="TEXT" name="DBNAME_IMPLICIT_CONTEXT" value="&quot;&quot;" show="false"/>
    <elementParameter field="TEXT" name="LOCAL_SERVICE_NAME_IMPLICIT_CONTEXT" value="&quot;&quot;" show="false"/>
    <elementParameter field="TEXT" name="PROPERTIES_IMPLICIT_CONTEXT" value="&quot;&quot;" show="false"/>
    <elementParameter field="TEXT" name="SCHEMA_DB_IMPLICIT_CONTEXT" value="&quot;&quot;" show="false"/>
    <elementParameter field="TEXT" name="USER_IMPLICIT_CONTEXT" value="&quot;&quot;" show="false"/>
    <elementParameter field="PASSWORD" name="PASS_IMPLICIT_CONTEXT" value="0RMsyjmybrE=" show="false"/>
    <elementParameter field="FILE" name="DBFILE_IMPLICIT_CONTEXT" value="&quot;&quot;" show="false"/>
    <elementParameter field="DBTABLE" name="DBTABLE_IMPLICIT_CONTEXT" value="&quot;&quot;" show="false"/>
    <elementParameter field="TEXT" name="QUERY_CONDITION_IMPLICIT_CONTEXT" value="&quot;&quot;" show="false"/>
    <elementParameter field="CLOSED_LIST" name="LOAD_NEW_VARIABLE" value="Warning" show="false"/>
    <elementParameter field="CLOSED_LIST" name="NOT_LOAD_OLD_VARIABLE" value="Warning" show="false"/>
    <elementParameter field="CHECK" name="PRINT_OPERATIONS" value="false" show="false"/>
    <elementParameter field="CHECK" name="DISABLE_ERROR" value="false" show="false"/>
    <elementParameter field="CHECK" name="DISABLE_WARNINGS" value="false" show="false"/>
    <elementParameter field="CHECK" name="DISABLE_INFO" value="false" show="false"/>
    <elementParameter field="CHECK" name="ON_STATCATCHER_FLAG" value="false"/>
    <elementParameter field="CHECK" name="ON_LOGCATCHER_FLAG" value="false"/>
    <elementParameter field="CHECK" name="ON_METERCATCHER_FLAG" value="false"/>
    <elementParameter field="CHECK" name="ON_CONSOLE_FLAG" value="false" show="false"/>
    <elementParameter field="CHECK" name="ON_FILES_FLAG" value="false" show="false"/>
    <elementParameter field="DIRECTORY" name="FILE_PATH" value="&quot;C:/Users/tr3/Desktop/ninad_workspace/.metadata&quot;" show="false"/>
    <elementParameter field="TEXT" name="FILENAME_STATS" value="&quot;stats_file.txt&quot;" show="false"/>
    <elementParameter field="TEXT" name="FILENAME_LOGS" value="&quot;logs_file.txt&quot;" show="false"/>
    <elementParameter field="TEXT" name="FILENAME_METTER" value="&quot;meter_file.txt&quot;" show="false"/>
    <elementParameter field="ENCODING_TYPE" name="ENCODING" value="ISO-8859-15" show="false"/>
    <elementParameter field="TECHNICAL" name="ENCODING:ENCODING_TYPE" value="ISO-8859-15" show="false"/>
    <elementParameter field="CHECK" name="ON_DATABASE_FLAG" value="false" show="false"/>
    <elementParameter field="CLOSED_LIST" name="DB_TYPE" value="tJDBCOutput" show="false"/>
    <elementParameter field="CLOSED_LIST" name="DB_VERSION" value="ORACLE_11" show="false"/>
    <elementParameter field="TEXT" name="URL" value="&quot;&quot;" show="false"/>
    <elementParameter field="TABLE" name="DRIVER_JAR" show="false"/>
    <elementParameter field="TEXT" name="DRIVER_CLASS" value="&quot;&quot;" show="false"/>
    <elementParameter field="TEXT" name="HOST" value="&quot;&quot;" show="false"/>
    <elementParameter field="TEXT" name="PORT" value="&quot;&quot;" show="false"/>
    <elementParameter field="TEXT" name="DATASOURCE" value="&quot;&quot;" show="false"/>
    <elementParameter field="TEXT" name="DBNAME" value="&quot;&quot;" show="false"/>
    <elementParameter field="TEXT" name="LOCAL_SERVICE_NAME" value="&quot;&quot;" show="false"/>
    <elementParameter field="TEXT" name="PROPERTIES" value="&quot;&quot;" show="false"/>
    <elementParameter field="TEXT" name="SCHEMA_DB" value="&quot;&quot;" show="false"/>
    <elementParameter field="TEXT" name="USER" value="&quot;&quot;" show="false"/>
    <elementParameter field="PASSWORD" name="PASS" value="0RMsyjmybrE=" show="false"/>
    <elementParameter field="FILE" name="DBFILE" value="&quot;&quot;" show="false"/>
    <elementParameter field="DBTABLE" name="TABLE_STATS" value="&quot;&quot;" show="false"/>
    <elementParameter field="DBTABLE" name="TABLE_LOGS" value="&quot;&quot;" show="false"/>
    <elementParameter field="DBTABLE" name="TABLE_METER" value="&quot;&quot;" show="false"/>
    <elementParameter field="CHECK" name="CATCH_RUNTIME_ERRORS" value="true" show="false"/>
    <elementParameter field="CHECK" name="CATCH_USER_ERRORS" value="true" show="false"/>
    <elementParameter field="CHECK" name="CATCH_USER_WARNING" value="true" show="false"/>
    <elementParameter field="CHECK" name="CATCH_REALTIME_STATS" value="false" show="false"/>
    <elementParameter field="TEXT" name="HEADERFOOTER_HEADERID" value="" show="false"/>
    <elementParameter field="CHECK" name="HEADER_ENABLED" value="false" show="false"/>
    <elementParameter field="TEXT" name="HEADER_LIBRARY" value="" show="false"/>
    <elementParameter field="TEXT" name="HEADER_CODE" value="" show="false"/>
    <elementParameter field="TEXT" name="HEADER_IMPORT" value="" show="false"/>
    <elementParameter field="TEXT" name="HEADERFOOTER_FOOTERID" value="" show="false"/>
    <elementParameter field="CHECK" name="FOOTER_ENABLED" value="false" show="false"/>
    <elementParameter field="TEXT" name="FOOTER_LIBRARY" value="" show="false"/>
    <elementParameter field="TEXT" name="FOOTER_CODE" value="" show="false"/>
    <elementParameter field="TEXT" name="FOOTER_IMPORT" value="" show="false"/>
    <routinesParameter id="_b-Rc4G4MEeildNXmqLGcXg" name="DataOperation"/>
    <routinesParameter id="_cAg4kG4MEeildNXmqLGcXg" name="Mathematical"/>
    <routinesParameter id="_cA89cG4MEeildNXmqLGcXg" name="Numeric"/>
    <routinesParameter id="_cA89dG4MEeildNXmqLGcXg" name="Relational"/>
    <routinesParameter id="_cBGucG4MEeildNXmqLGcXg" name="StringHandling"/>
    <routinesParameter id="_cBQfcG4MEeildNXmqLGcXg" name="TalendDataGenerator"/>
    <routinesParameter id="_cBZpYG4MEeildNXmqLGcXg" name="TalendDate"/>
    <routinesParameter id="_cC43IG4MEeildNXmqLGcXg" name="TalendStringUtil"/>
    <routinesParameter id="_cCAGUG4MEeildNXmqLGcXg" name="TalendString"/>
  </parameters>
  <node componentName="tMSSqlInput" componentVersion="0.102" offsetLabelX="0" offsetLabelY="0" posX="160" posY="96">
    <elementParameter field="TEXT" name="UNIQUE_NAME" value="tMSSqlInput_2" show="false"/>
    <elementParameter field="CHECK" name="USE_EXISTING_CONNECTION" value="false"/>
    <elementParameter field="COMPONENT_LIST" name="CONNECTION" value="" show="false"/>
    <elementParameter field="TECHNICAL" name="PROPERTY:PROPERTY_TYPE" value="REPOSITORY"/>
    <elementParameter field="TECHNICAL" name="PROPERTY:REPOSITORY_PROPERTY_TYPE" value="_nPm2YH6jEeiA8ZBmqjYs_Q" show="false"/>
    <elementParameter field="TEXT" name="HOST" value="context.mssql_powerbi_Server"/>
    <elementParameter field="CLOSED_LIST" name="DRIVER" value="JTDS"/>
    <elementParameter field="TEXT" name="TYPE" value="MSSQL" show="false"/>
    <elementParameter field="TEXT" name="PORT" value="context.mssql_powerbi_Port"/>
    <elementParameter field="TEXT" name="DB_SCHEMA" value="context.mssql_powerbi_Schema"/>
    <elementParameter field="TEXT" name="DBNAME" value="context.mssql_powerbi_Database"/>
    <elementParameter field="TEXT" name="USER" value="context.mssql_powerbi_Login"/>
    <elementParameter field="PASSWORD" name="PASS" value="8pW6Nmy2kueNRc2WqlpbZW+jB7lbJhD4zUZP+Aet3Ec="/>
    <elementParameter field="TECHNICAL" name="SCHEMA:SCHEMA_TYPE" value="REPOSITORY" show="false"/>
    <elementParameter field="TECHNICAL" name="SCHEMA:REPOSITORY_SCHEMA_TYPE" value="_nPm2YH6jEeiA8ZBmqjYs_Q - ADJINFO_SRC" show="false"/>
    <elementParameter field="DBTABLE" name="TABLE" value="&quot;ADJINFO_SRC&quot;"/>
    <elementParameter field="QUERYSTORE_TYPE" name="QUERYSTORE" value="&quot;&quot;"/>
    <elementParameter field="TECHNICAL" name="QUERYSTORE:REPOSITORY_QUERYSTORE_TYPE" value="" show="false"/>
    <elementParameter field="TECHNICAL" name="QUERYSTORE:QUERYSTORE_TYPE" value="BUILT_IN"/>
    <elementParameter field="GUESS_SCHEMA" name="GUESS_SCHEMA" value="&quot;&quot;"/>
    <elementParameter field="MEMO_SQL" name="QUERY" value="&quot;SELECT \&quot;&quot;+context.mssql_powerbi_Schema+&quot;\&quot;
			.ADJINFO_SRC.DLR_FIN_ADJ_KEY,&#xA;&#x9;&#x9;\&quot;&quot;+context.mssql_powerbi_Schema+&quot;\&quot;			.ADJINFO_SRC.DFA_ADPY_DISTB_AM,&#xA;&#x9;&#x9;\&quot;&quot;+context.mssql_powerbi_Schema+&quot;\&quot;			.ADJINFO_SRC.DFA_ADPY_AM,&#xA;&#x9;&#x9;\&quot;&quot;+context.mssql_powerbi_Schema+&quot;\&quot;			.ADJINFO_SRC.DFA_ADPY_DT,&#xA;&#x9;&#x9;\&quot;&quot;+context.mssql_powerbi_Schema+&quot;\&quot;			.ADJINFO_SRC.DFA_ADPY_CMT_TX,&#xA;&#x9;&#x9;\&quot;&quot;+context.mssql_powerbi_Schema+&quot;\&quot;			.ADJINFO_SRC.DFA_ADPY_VIN_NO,&#xA;&#x9;&#x9;\&quot;&quot;+context.mssql_powerbi_Schema+&quot;\&quot;			.ADJINFO_SRC.DFA_ADPY_REF_NO,&#xA;&#x9;&#x9;\&quot;&quot;+context.mssql_powerbi_Schema+&quot;\&quot;			.ADJINFO_SRC.DLR_FIN_ADJ_KEY,&#xA;&#x9;&#x9;\&quot;&quot;+context.mssql_powerbi_Schema+&quot;\&quot;			.ADJINFO_SRC.DISTB_AM,&#xA;&#x9;&#x9;\&quot;&quot;+context.mssql_powerbi_Schema+&quot;\&quot;			.ADJINFO_SRC.DFA_ADPY_AM,&#xA;&#x9;&#x9;\&quot;&quot;+context.mssql_powerbi_Schema+&quot;\&quot;			.ADJINFO_SRC.DFA_ADPY_DT,&#xA;&#x9;&#x9;\&quot;&quot;+context.mssql_powerbi_Schema+&quot;\&quot;			.ADJINFO_SRC.DFA_ADPY_CMT_TX,&#xA;&#x9;&#x9;\&quot;&quot;+context.mssql_powerbi_Schema+&quot;\&quot;			.ADJINFO_SRC.DFA_ADPY_VIN_NO			&quot;&#xA;+&quot;&#xA;FROM&#x9;\&quot;&quot;+context.mssql_powerbi_Schema+&quot;\&quot;.ADJINFO_SRC&quot;"/>
    <elementParameter field="LABEL" name="NOTE" value="This option only applies when deploying and running in the Talend Runtime"/>
    <elementParameter field="CHECK" name="SPECIFY_DATASOURCE_ALIAS" value="false"/>
    <elementParameter field="TEXT" name="DATASOURCE_ALIAS" value="&quot;&quot;" show="false"/>
    <elementParameter field="MAPPING_TYPE" name="MAPPING" value="id_MSSQL" show="false"/>
    <elementParameter field="TEXT" name="PROPERTIES" value="context.mssql_powerbi_AdditionalParams"/>
    <elementParameter field="ENCODING_TYPE" name="ENCODING" value="&quot;ISO-8859-15&quot;" show="false"/>
    <elementParameter field="TECHNICAL" name="ENCODING:ENCODING_TYPE" value="ISO-8859-15"/>
    <elementParameter field="CHECK" name="TRIM_ALL_COLUMN" value="false"/>
    <elementParameter field="TABLE" name="TRIM_COLUMN">
      <elementValue elementRef="SCHEMA_COLUMN" value="DLR_FIN_ADJ_KEY"/>
      <elementValue elementRef="TRIM" value="false"/>
      <elementValue elementRef="SCHEMA_COLUMN" value="DFA_ADPY_DISTB_AM"/>
      <elementValue elementRef="TRIM" value="false"/>
      <elementValue elementRef="SCHEMA_COLUMN" value="DFA_ADPY_AM"/>
      <elementValue elementRef="TRIM" value="false"/>
      <elementValue elementRef="SCHEMA_COLUMN" value="DFA_ADPY_DT"/>
      <elementValue elementRef="TRIM" value="false"/>
      <elementValue elementRef="SCHEMA_COLUMN" value="DFA_ADPY_CMT_TX"/>
      <elementValue elementRef="TRIM" value="false"/>
      <elementValue elementRef="SCHEMA_COLUMN" value="DFA_ADPY_VIN_NO"/>
      <elementValue elementRef="TRIM" value="false"/>
      <elementValue elementRef="SCHEMA_COLUMN" value="DFA_ADPY_REF_NO"/>
      <elementValue elementRef="TRIM" value="false"/>
      <elementValue elementRef="SCHEMA_COLUMN" value="DLR_FIN_ADJ_KEY"/>
      <elementValue elementRef="TRIM" value="false"/>
      <elementValue elementRef="SCHEMA_COLUMN" value="DISTB_AM"/>
      <elementValue elementRef="TRIM" value="false"/>
      <elementValue elementRef="SCHEMA_COLUMN" value="DFA_ADPY_AM"/>
      <elementValue elementRef="TRIM" value="false"/>
      <elementValue elementRef="SCHEMA_COLUMN" value="DFA_ADPY_DT"/>
      <elementValue elementRef="TRIM" value="false"/>
      <elementValue elementRef="SCHEMA_COLUMN" value="DFA_ADPY_CMT_TX"/>
      <elementValue elementRef="TRIM" value="false"/>
      <elementValue elementRef="SCHEMA_COLUMN" value="DFA_ADPY_VIN_NO"/>
      <elementValue elementRef="TRIM" value="false"/>
    </elementParameter>
    <elementParameter field="TEXT" name="CONNECTION_FORMAT" value="row"/>
    <metadata connector="FLOW" label="ADJINFO_SRC" name="tMSSqlInput_2">
      <column comment="" key="false" length="10" name="DLR_FIN_ADJ_KEY" nullable="false" pattern="" precision="0" sourceType="CHAR" type="id_String" usefulColumn="true">
        <additionalField key="Comment" value=""/>
      </column>
      <column comment="" key="false" length="0" name="DFA_ADPY_DISTB_AM" nullable="true" pattern="" precision="10" sourceType="NUMERIC" type="id_BigDecimal" usefulColumn="true">
        <additionalField key="Comment" value=""/>
      </column>
      <column comment="" key="false" length="0" name="DFA_ADPY_AM" nullable="true" pattern="" precision="10" sourceType="DECIMAL" type="id_BigDecimal" usefulColumn="true">
        <additionalField key="Comment" value=""/>
      </column>
      <column comment="" key="false" length="0" name="DFA_ADPY_DT" nullable="true" pattern="dd-MM-yyyy" precision="0" sourceType="DATE" type="id_Date" usefulColumn="true">
        <additionalField key="Comment" value=""/>
      </column>
      <column comment="" key="false" length="0" name="DFA_ADPY_CMT_TX" nullable="true" pattern="dd-MM-yyyy" precision="26" sourceType="DATETIME" type="id_Date" usefulColumn="true">
        <additionalField key="Comment" value=""/>
      </column>
      <column comment="" key="false" length="0" name="DFA_ADPY_VIN_NO" nullable="true" pattern="" precision="0" sourceType="SMALLINT" type="id_Short" usefulColumn="true">
        <additionalField key="Comment" value=""/>
      </column>
      <column comment="" key="false" length="20" name="DFA_ADPY_REF_NO" nullable="true" pattern="" precision="20" sourceType="NVARCHAR" type="id_String" usefulColumn="true">
        <additionalField key="Comment" value=""/>
      </column>
      <column comment="" key="false" length="10" name="DLR_FIN_ADJ_KEY" nullable="true" pattern="" precision="0" sourceType="CHAR" type="id_String" usefulColumn="true">
        <additionalField key="Comment" value=""/>
      </column>
      <column comment="" key="false" length="0" name="DISTB_AM" nullable="true" pattern="" precision="10" sourceType="NUMERIC" type="id_BigDecimal" usefulColumn="true">
        <additionalField key="Comment" value=""/>
      </column>
      <column comment="" key="false" length="0" name="DFA_ADPY_AM" nullable="true" pattern="" precision="10" sourceType="DECIMAL" type="id_BigDecimal" usefulColumn="true">
        <additionalField key="Comment" value=""/>
      </column>
      <column comment="" key="false" length="0" name="DFA_ADPY_DT" nullable="true" pattern="dd-MM-yyyy" precision="0" sourceType="DATE" type="id_Date" usefulColumn="true">
        <additionalField key="Comment" value=""/>
      </column>
      <column comment="" key="false" length="0" name="DFA_ADPY_CMT_TX" nullable="true" pattern="dd-MM-yyyy" precision="0" sourceType="DATETIME" type="id_Date" usefulColumn="true">
        <additionalField key="Comment" value=""/>
      </column>
      <column comment="" key="false" length="0" name="DFA_ADPY_VIN_NO" nullable="true" pattern="" precision="5" sourceType="SMALLINT" type="id_Short" usefulColumn="true">
        <additionalField key="Comment" value=""/>
      </column>
    </metadata>
  </node>
  <node componentName="tMap" componentVersion="2.1" offsetLabelX="0" offsetLabelY="0" posX="288" posY="96">
    <elementParameter field="TEXT" name="UNIQUE_NAME" value="tMap_1" show="false"/>
    <elementParameter field="EXTERNAL" name="MAP" value=""/>
    <elementParameter field="CLOSED_LIST" name="LINK_STYLE" value="AUTO"/>
    <elementParameter field="DIRECTORY" name="TEMPORARY_DATA_DIRECTORY" value=""/>
    <elementParameter field="IMAGE" name="PREVIEW" value="_XEv60H9zEeiRzvJY6qNFrg-tMap_1-PREVIEW.bmp"/>
    <elementParameter field="CHECK" name="DIE_ON_ERROR" value="true" show="false"/>
    <elementParameter field="CHECK" name="LKUP_PARALLELIZE" value="false" show="false"/>
    <elementParameter field="CHECK" name="ENABLE_AUTO_CONVERT_TYPE" value="false" show="false"/>
    <elementParameter field="TEXT" name="ROWS_BUFFER_SIZE" value="2000000"/>
    <elementParameter field="CHECK" name="CHANGE_HASH_AND_EQUALS_FOR_BIGDECIMAL" value="false"/>
    <elementParameter field="TEXT" name="CONNECTION_FORMAT" value="row"/>
    <metadata connector="FLOW" label="ADJINFO_TRG" name="out">
      <column comment="" key="false" length="10" name="DLR_FIN_ADJ_KEY" nullable="false" pattern="" precision="0" sourceType="CHAR" type="id_String" usefulColumn="true">
        <additionalField key="Comment" value=""/>
      </column>
      <column comment="" key="false" length="10" name="DLR_FIN_ADJ_KEY" nullable="false" pattern="" precision="0" sourceType="CHAR" type="id_String" usefulColumn="true">
        <additionalField key="Comment" value=""/>
      </column>
      <column comment="" key="false" length="0" name="DFA_ADPY_DISTB_AM" nullable="true" pattern="" precision="10" sourceType="NUMERIC" type="id_BigDecimal" usefulColumn="true">
        <additionalField key="Comment" value=""/>
      </column>
      <column comment="" key="false" length="0" name="DFA_ADPY_AM" nullable="true" pattern="" precision="10" sourceType="DECIMAL" type="id_BigDecimal" usefulColumn="true">
        <additionalField key="Comment" value=""/>
      </column>
      <column comment="" key="false" length="0" name="DFA_ADPY_AM" nullable="true" pattern="" precision="10" sourceType="DECIMAL" type="id_BigDecimal" usefulColumn="true">
        <additionalField key="Comment" value=""/>
      </column>
      <column comment="" key="false" length="0" name="DFA_ADPY_DT" nullable="true" pattern="dd-MM-yyyy" precision="0" sourceType="DATE" type="id_Date" usefulColumn="true">
        <additionalField key="Comment" value=""/>
      </column>
      <column comment="" key="false" length="0" name="DFA_ADPY_DT" nullable="true" pattern="dd-MM-yyyy" precision="0" sourceType="DATE" type="id_Date" usefulColumn="true">
        <additionalField key="Comment" value=""/>
      </column>
      <column comment="" key="false" length="0" name="DFA_ADPY_CMT_TX" nullable="true" pattern="dd-MM-yyyy" precision="26" sourceType="DATETIME" type="id_Date" usefulColumn="true">
        <additionalField key="Comment" value=""/>
      </column>
      <column comment="" key="false" length="0" name="DFA_ADPY_CMT_TX" nullable="true" pattern="dd-MM-yyyy" precision="26" sourceType="DATETIME" type="id_Date" usefulColumn="true">
        <additionalField key="Comment" value=""/>
      </column>
      <column comment="" key="false" length="0" name="DFA_ADPY_VIN_NO" nullable="true" pattern="" precision="0" sourceType="SMALLINT" type="id_Short" usefulColumn="true">
        <additionalField key="Comment" value=""/>
      </column>
      <column comment="" key="false" length="0" name="DFA_ADPY_VIN_NO" nullable="true" pattern="" precision="0" sourceType="SMALLINT" type="id_Short" usefulColumn="true">
        <additionalField key="Comment" value=""/>
      </column>
      <column comment="" key="false" length="20" name="DFA_ADPY_REF_NO" nullable="true" pattern="" precision="20" sourceType="NVARCHAR" type="id_String" usefulColumn="true">
        <additionalField key="Comment" value=""/>
      </column>
      <column comment="" key="false" length="10" name="DLR_FIN_ADJ_KEY" nullable="true" pattern="" precision="0" sourceType="CHAR" type="id_String" usefulColumn="true">
        <additionalField key="Comment" value=""/>
      </column>
      <column comment="" key="false" length="10" name="DLR_FIN_ADJ_KEY" nullable="true" pattern="" precision="0" sourceType="CHAR" type="id_String" usefulColumn="true">
        <additionalField key="Comment" value=""/>
      </column>
      <column comment="" key="false" length="0" name="DISTB_AM" nullable="true" pattern="" precision="10" sourceType="NUMERIC" type="id_BigDecimal" usefulColumn="true">
        <additionalField key="Comment" value=""/>
      </column>
      <column comment="" key="false" length="0" name="DFA_ADPY_AM" nullable="true" pattern="" precision="10" sourceType="DECIMAL" type="id_BigDecimal" usefulColumn="true">
        <additionalField key="Comment" value=""/>
      </column>
      <column comment="" key="false" length="0" name="DFA_ADPY_AM" nullable="true" pattern="" precision="10" sourceType="DECIMAL" type="id_BigDecimal" usefulColumn="true">
        <additionalField key="Comment" value=""/>
      </column>
      <column comment="" key="false" length="0" name="DFA_ADPY_DT" nullable="true" pattern="dd-MM-yyyy" precision="0" sourceType="DATE" type="id_Date" usefulColumn="true">
        <additionalField key="Comment" value=""/>
      </column>
      <column comment="" key="false" length="0" name="DFA_ADPY_DT" nullable="true" pattern="dd-MM-yyyy" precision="0" sourceType="DATE" type="id_Date" usefulColumn="true">
        <additionalField key="Comment" value=""/>
      </column>
      <column comment="" key="false" length="0" name="DFA_ADPY_CMT_TX" nullable="true" pattern="dd-MM-yyyy" precision="0" sourceType="DATETIME" type="id_Date" usefulColumn="true">
        <additionalField key="Comment" value=""/>
      </column>
      <column comment="" key="false" length="0" name="DFA_ADPY_CMT_TX" nullable="true" pattern="dd-MM-yyyy" precision="0" sourceType="DATETIME" type="id_Date" usefulColumn="true">
        <additionalField key="Comment" value=""/>
      </column>
      <column comment="" key="false" length="0" name="DFA_ADPY_VIN_NO" nullable="true" pattern="" precision="5" sourceType="SMALLINT" type="id_Short" usefulColumn="true">
        <additionalField key="Comment" value=""/>
      </column>
      <column comment="" key="false" length="0" name="DFA_ADPY_VIN_NO" nullable="true" pattern="" precision="5" sourceType="SMALLINT" type="id_Short" usefulColumn="true">
        <additionalField key="Comment" value=""/>
      </column>
       <column comment="" key="false" length="10" name="INSERT_KEY" nullable="true" pattern="" precision="0" sourceType="INT" type="id_Integer" usefulColumn="true">
        <additionalField key="Comment" value=""/>
      </column>
      <column comment="" key="false" length="10" name="UPDATE_KEY" nullable="true" pattern="" precision="0" sourceType="INT" type="id_Integer" usefulColumn="true">
        <additionalField key="Comment" value=""/>
      </column>
    </metadata>
    <nodeData xsi:type="TalendMapper:MapperData">
      <uiProperties shellMaximized="true"/>
      <varTables sizeState="INTERMEDIATE" name="Var" minimized="true"/>
      <outputTables sizeState="INTERMEDIATE" name="out">
         <mapperTableEntries name="DLR_FIN_ADJ_KEY" expression="row2.DLR_FIN_ADJ_KEY " type="id_String" nullable="false"/>
         <mapperTableEntries name="DLR_FIN_ADJ_KEY" expression="row2.DLR_FIN_ADJ_KEY " type="id_String" nullable="false"/>
         <mapperTableEntries name="DFA_ADPY_DISTB_AM" expression="row2.DFA_ADPY_DISTB_AM " type="id_BigDecimal" nullable="true"/>
         <mapperTableEntries name="DFA_ADPY_AM" expression="row2.DFA_ADPY_AM " type="id_BigDecimal" nullable="true"/>
         <mapperTableEntries name="DFA_ADPY_AM" expression="row2.DFA_ADPY_AM " type="id_BigDecimal" nullable="true"/>
         <mapperTableEntries name="DFA_ADPY_DT" expression="row2.DFA_ADPY_DT " type="id_Date" nullable="true"/>
         <mapperTableEntries name="DFA_ADPY_DT" expression="row2.DFA_ADPY_DT " type="id_Date" nullable="true"/>
         <mapperTableEntries name="DFA_ADPY_CMT_TX" expression="row2.DFA_ADPY_CMT_TX " type="id_Date" nullable="true"/>
         <mapperTableEntries name="DFA_ADPY_CMT_TX" expression="row2.DFA_ADPY_CMT_TX " type="id_Date" nullable="true"/>
         <mapperTableEntries name="DFA_ADPY_VIN_NO" expression="row2.DFA_ADPY_VIN_NO " type="id_Short" nullable="true"/>
         <mapperTableEntries name="DFA_ADPY_VIN_NO" expression="row2.DFA_ADPY_VIN_NO " type="id_Short" nullable="true"/>
         <mapperTableEntries name="DFA_ADPY_REF_NO" expression="row2.DFA_ADPY_REF_NO " type="id_String" nullable="true"/>
         <mapperTableEntries name="DLR_FIN_ADJ_KEY" expression="row2.DLR_FIN_ADJ_KEY " type="id_String" nullable="true"/>
         <mapperTableEntries name="DLR_FIN_ADJ_KEY" expression="row2.DLR_FIN_ADJ_KEY " type="id_String" nullable="true"/>
         <mapperTableEntries name="DISTB_AM" expression="row2.DISTB_AM " type="id_BigDecimal" nullable="true"/>
         <mapperTableEntries name="DFA_ADPY_AM" expression="row2.DFA_ADPY_AM " type="id_BigDecimal" nullable="true"/>
         <mapperTableEntries name="DFA_ADPY_AM" expression="row2.DFA_ADPY_AM " type="id_BigDecimal" nullable="true"/>
         <mapperTableEntries name="DFA_ADPY_DT" expression="row2.DFA_ADPY_DT " type="id_Date" nullable="true"/>
         <mapperTableEntries name="DFA_ADPY_DT" expression="row2.DFA_ADPY_DT " type="id_Date" nullable="true"/>
         <mapperTableEntries name="DFA_ADPY_CMT_TX" expression="row2.DFA_ADPY_CMT_TX " type="id_Date" nullable="true"/>
         <mapperTableEntries name="DFA_ADPY_CMT_TX" expression="row2.DFA_ADPY_CMT_TX " type="id_Date" nullable="true"/>
         <mapperTableEntries name="DFA_ADPY_VIN_NO" expression="row2.DFA_ADPY_VIN_NO " type="id_Short" nullable="true"/>
         <mapperTableEntries name="DFA_ADPY_VIN_NO" expression="row2.DFA_ADPY_VIN_NO " type="id_Short" nullable="true"/>
        <mapperTableEntries name="INSERT_KEY" expression="100" type="id_Integer" nullable="true"/>
        <mapperTableEntries name="UPDATE_KEY" expression="200" type="id_Integer" nullable="true"/>
      </outputTables>
      <inputTables sizeState="INTERMEDIATE" name="row2" matchingMode="UNIQUE_MATCH" lookupMode="LOAD_ONCE">
        <mapperTableEntries name="DLR_FIN_ADJ_KEY" type="id_String" nullable="false"/>
        <mapperTableEntries name="DLR_FIN_ADJ_KEY" type="id_String" nullable="false"/>
        <mapperTableEntries name="DFA_ADPY_DISTB_AM" type="id_BigDecimal" nullable="true"/>
        <mapperTableEntries name="DFA_ADPY_AM" type="id_BigDecimal" nullable="true"/>
        <mapperTableEntries name="DFA_ADPY_AM" type="id_BigDecimal" nullable="true"/>
        <mapperTableEntries name="DFA_ADPY_DT" type="id_Date" nullable="true"/>
        <mapperTableEntries name="DFA_ADPY_DT" type="id_Date" nullable="true"/>
        <mapperTableEntries name="DFA_ADPY_CMT_TX" type="id_Date" nullable="true"/>
        <mapperTableEntries name="DFA_ADPY_CMT_TX" type="id_Date" nullable="true"/>
        <mapperTableEntries name="DFA_ADPY_VIN_NO" type="id_Short" nullable="true"/>
        <mapperTableEntries name="DFA_ADPY_VIN_NO" type="id_Short" nullable="true"/>
        <mapperTableEntries name="DFA_ADPY_REF_NO" type="id_String" nullable="true"/>
        <mapperTableEntries name="DLR_FIN_ADJ_KEY" type="id_String" nullable="true"/>
        <mapperTableEntries name="DLR_FIN_ADJ_KEY" type="id_String" nullable="true"/>
        <mapperTableEntries name="DISTB_AM" type="id_BigDecimal" nullable="true"/>
        <mapperTableEntries name="DFA_ADPY_AM" type="id_BigDecimal" nullable="true"/>
        <mapperTableEntries name="DFA_ADPY_AM" type="id_BigDecimal" nullable="true"/>
        <mapperTableEntries name="DFA_ADPY_DT" type="id_Date" nullable="true"/>
        <mapperTableEntries name="DFA_ADPY_DT" type="id_Date" nullable="true"/>
        <mapperTableEntries name="DFA_ADPY_CMT_TX" type="id_Date" nullable="true"/>
        <mapperTableEntries name="DFA_ADPY_CMT_TX" type="id_Date" nullable="true"/>
        <mapperTableEntries name="DFA_ADPY_VIN_NO" type="id_Short" nullable="true"/>
        <mapperTableEntries name="DFA_ADPY_VIN_NO" type="id_Short" nullable="true"/>
      </inputTables>
    </nodeData>
  </node>
  <node componentName="tMSSqlSCD" componentVersion="0.102" offsetLabelX="0" offsetLabelY="0" posX="448" posY="96">
    <elementParameter field="TEXT" name="UNIQUE_NAME" value="tMSSqlSCD_2" show="false"/>
    <elementParameter field="TECHNICAL" name="PROPERTY:PROPERTY_TYPE" value="REPOSITORY"/>
    <elementParameter field="TECHNICAL" name="PROPERTY:REPOSITORY_PROPERTY_TYPE" value="_nPm2YH6jEeiA8ZBmqjYs_Q" show="false"/>
    <elementParameter field="CHECK" name="USE_EXISTING_CONNECTION" value="false"/>
    <elementParameter field="COMPONENT_LIST" name="CONNECTION" value="" show="false"/>
    <elementParameter field="CLOSED_LIST" name="DRIVER" value="JTDS"/>
    <elementParameter field="TEXT" name="SERVER" value="context.mssql_powerbi_Server"/>
    <elementParameter field="TEXT" name="PORT" value="context.mssql_powerbi_Port"/>
    <elementParameter field="TEXT" name="DB_SCHEMA" value="context.mssql_powerbi_Schema"/>
    <elementParameter field="TEXT" name="DBNAME" value="context.mssql_powerbi_Database"/>
    <elementParameter field="TEXT" name="TYPE" value="MSSQL" show="false"/>
    <elementParameter field="TEXT" name="USER" value="context.mssql_powerbi_Login"/>
    <elementParameter field="PASSWORD" name="PASS" value="8pW6Nmy2kueNRc2WqlpbZW+jB7lbJhD4zUZP+Aet3Ec="/>
    <elementParameter field="DBTABLE" name="TABLE" value="&quot;ADJINFO_TRG&quot;"/>
    <elementParameter field="EXTERNAL" name="MAP" value=""/>
    <elementParameter field="COLUMN_LIST" name="SURROGATE_KEY" value="ADJ_ID" show="false"/>
    <elementParameter field="CLOSED_LIST" name="SK_CREATION" value="TABLE_MAX" show="false"/>
    <elementParameter field="PREV_COLUMN_LIST" name="SK_INPUT_FIELD" value="DLR_FIN_ADJ_KEY" show="false"/>
    <elementParameter field="TEXT" name="SK_ROUTINE" value="Numeric.sequence(&quot;seq&quot;, 1, 1)" show="false"/>
    <elementParameter field="TABLE" name="SOURCE_KEYS" show="false">
      <elementValue elementRef="NAME" value="DLR_FIN_ADJ_KEY"/>
    </elementParameter>
    <elementParameter field="CHECK" name="USE_SAVE_MEM_MODE" value="false"/>
    <elementParameter field="CHECK" name="SOURCE_KEY_INC_NULL" value="false"/>
    <elementParameter field="CHECK" name="USE_L0" value="true" show="false"/>
    <elementParameter field="TABLE" name="L0_FIELDS" show="false">
      <elementValue elementRef="NAME" value="DFA_ADPY_DISTB_AM"/>
      <elementValue elementRef="NAME" value="DFA_ADPY_AM"/>
      <elementValue elementRef="NAME" value="DFA_ADPY_DT"/>
      <elementValue elementRef="NAME" value="DFA_ADPY_CMT_TX"/>
      <elementValue elementRef="NAME" value="DFA_ADPY_REF_NO"/>
      <elementValue elementRef="NAME" value="DFA_ADPY_AM"/>
      <elementValue elementRef="NAME" value="INSERT_KEY"/>
      <elementValue elementRef="NAME" value="UPDATE_KEY"/>
    </elementParameter>
    <elementParameter field="CHECK" name="USE_L1" value="false" show="false"/>
    <elementParameter field="CHECK" name="ONLY_UPDATE_ACTIVE" value="false" show="false"/>
    <elementParameter field="CHECK" name="USE_L2" value="true" show="false"/>
    <elementParameter field="TABLE" name="L2_FIELDS" show="false">
      <elementValue elementRef="NAME" value="DFA_ADPY_VIN_NO"/>
      <elementValue elementRef="NAME" value="DISTB_AM"/>
      <elementValue elementRef="NAME" value="DFA_ADPY_DT"/>
      <elementValue elementRef="NAME" value="DFA_ADPY_CMT_TX"/>
      <elementValue elementRef="NAME" value="DFA_ADPY_VIN_NO"/>
    </elementParameter>
    <elementParameter field="COLUMN_LIST" name="L2_STARTDATE_FIELD" value="EFF_DT" show="false"/>
    <elementParameter field="CLOSED_LIST" name="L2_STARTDATE_VALUE" value="JOB_START_TIME" show="false"/>
    <elementParameter field="PREV_COLUMN_LIST" name="L2_STARTDATE_INPUT_FIELD" value="DLR_FIN_ADJ_KEY" show="false"/>
    <elementParameter field="COLUMN_LIST" name="L2_ENDDATE_FIELD" value="EXP_DT" show="false"/>
    <elementParameter field="CLOSED_LIST" name="L2_ENDDATE_VALUE" value="FIXED_VALUE" show="false"/>
    <elementParameter field="TEXT" name="L2_ENDDATE_FIXED_VALUE" value="9999" show="false"/>
    <elementParameter field="CHECK" name="USE_L2_ACTIVE" value="false" show="false"/>
    <elementParameter field="COLUMN_LIST" name="L2_ACTIVE_FIELD" value="" show="false"/>
    <elementParameter field="CHECK" name="USE_L2_VERSION" value="false" show="false"/>
    <elementParameter field="COLUMN_LIST" name="L2_VERSION_FIELD" value="" show="false"/>
    <elementParameter field="LABEL" name="NOTE" value="(Version must be an Integer)" show="false"/>
    <elementParameter field="CHECK" name="USE_L3" value="false" show="false"/>
    <elementParameter field="TABLE" name="L3_FIELDS" show="false"/>
    <elementParameter field="CHECK" name="DIE_ON_ERROR" value="false"/>
    <elementParameter field="TEXT" name="L2_ENDDATE_TIME_DETAILS" value="&quot;12:00:00&quot;"/>
    <elementParameter field="LABEL" name="NOICE" value="(Time pattern: 'HH:mm:ss')"/>
    <elementParameter field="CHECK" name="DEBUG" value="false"/>
    <elementParameter field="TEXT" name="PROPERTIES" value="context.mssql_powerbi_AdditionalParams"/>
    <elementParameter field="TEXT" name="SCHEMA_OPT_NUM" value="100" show="false"/>
    <elementParameter field="TEXT" name="CONNECTION_FORMAT" value="row"/>
    <metadata connector="FLOW" label="ADJINFO_TRG" name="tMSSqlSCD_2">
      <column comment="" key="false" length="0" name="ADJ_ID" nullable="true" pattern="" precision="0" sourceType="INT" type="id_Integer" usefulColumn="true">
        <additionalField key="Comment" value=""/>
      </column>
      <column comment="" key="false" length="10" name="DLR_FIN_ADJ_KEY" nullable="false" pattern="" precision="0" sourceType="CHAR" type="id_String" usefulColumn="true">
        <additionalField key="Comment" value=""/>
      </column>
      <column comment="" key="false" length="0" name="DFA_ADPY_DISTB_AM" nullable="true" pattern="" precision="10" sourceType="NUMERIC" type="id_BigDecimal" usefulColumn="true">
        <additionalField key="Comment" value=""/>
      </column>
      <column comment="" key="false" length="0" name="DFA_ADPY_AM" nullable="true" pattern="" precision="10" sourceType="DECIMAL" type="id_BigDecimal" usefulColumn="true">
        <additionalField key="Comment" value=""/>
      </column>
      <column comment="" key="false" length="0" name="DFA_ADPY_DT" nullable="true" pattern="dd-MM-yyyy" precision="0" sourceType="DATE" type="id_Date" usefulColumn="true">
        <additionalField key="Comment" value=""/>
      </column>
      <column comment="" key="false" length="0" name="DFA_ADPY_CMT_TX" nullable="true" pattern="dd-MM-yyyy" precision="26" sourceType="DATETIME" type="id_Date" usefulColumn="true">
        <additionalField key="Comment" value=""/>
      </column>
      <column comment="" key="false" length="0" name="DFA_ADPY_VIN_NO" nullable="true" pattern="" precision="0" sourceType="SMALLINT" type="id_Short" usefulColumn="true">
        <additionalField key="Comment" value=""/>
      </column>
      <column comment="" key="false" length="20" name="DFA_ADPY_REF_NO" nullable="true" pattern="" precision="20" sourceType="NVARCHAR" type="id_String" usefulColumn="true">
        <additionalField key="Comment" value=""/>
      </column>
      <column comment="" key="false" length="0" name="ADJ_ID" nullable="true" pattern="" precision="10" sourceType="INT" type="id_Integer" usefulColumn="true">
        <additionalField key="Comment" value=""/>
      </column>
      <column comment="" key="false" length="10" name="DLR_FIN_ADJ_KEY" nullable="true" pattern="" precision="0" sourceType="CHAR" type="id_String" usefulColumn="true">
        <additionalField key="Comment" value=""/>
      </column>
      <column comment="" key="false" length="0" name="DISTB_AM" nullable="true" pattern="" precision="10" sourceType="NUMERIC" type="id_BigDecimal" usefulColumn="true">
        <additionalField key="Comment" value=""/>
      </column>
      <column comment="" key="false" length="0" name="DFA_ADPY_AM" nullable="true" pattern="" precision="10" sourceType="DECIMAL" type="id_BigDecimal" usefulColumn="true">
        <additionalField key="Comment" value=""/>
      </column>
      <column comment="" key="false" length="0" name="DFA_ADPY_DT" nullable="true" pattern="dd-MM-yyyy" precision="0" sourceType="DATE" type="id_Date" usefulColumn="true">
        <additionalField key="Comment" value=""/>
      </column>
      <column comment="" key="false" length="0" name="DFA_ADPY_CMT_TX" nullable="true" pattern="dd-MM-yyyy" precision="0" sourceType="DATETIME" type="id_Date" usefulColumn="true">
        <additionalField key="Comment" value=""/>
      </column>
      <column comment="" key="false" length="0" name="DFA_ADPY_VIN_NO" nullable="true" pattern="" precision="5" sourceType="SMALLINT" type="id_Short" usefulColumn="true">
        <additionalField key="Comment" value=""/>
      </column>
      <column comment="" key="false" length="10" name="INSERT_KEY" nullable="true" pattern="" precision="0" sourceType="INT" type="id_Integer" usefulColumn="true">
        <additionalField key="Comment" value=""/>
      </column>
      <column comment="" key="false" length="10" name="UPDATE_KEY" nullable="true" pattern="" precision="0" sourceType="INT" type="id_Integer" usefulColumn="true">
        <additionalField key="Comment" value=""/>
      </column>
     <column comment="Column generated by scd editor." defaultValue="" key="false" length="-1" name="EFF_DT" nullable="false" pattern="" precision="-1" sourceType="" type="id_Date" originalLength="-1" usefulColumn="true"/>
      <column comment="Column generated by scd editor." defaultValue="" key="false" length="-1" name="EXP_DT" nullable="false" pattern="" precision="-1" sourceType="" type="id_Date" originalLength="-1" usefulColumn="true"/>
      <column comment="Column generated by scd editor." defaultValue="" key="true" length="-1" name="DLR_FIN_ADJ_KEY" nullable="false" pattern="" precision="-1" sourceType="" type="id_Integer" originalLength="-1" usefulColumn="true"/>
      <additionalProperties key="Comment" value=""/>
    </metadata>
    <metadata connector="REJECT" label="ADJINFO_TRG" name="REJECT">
      <column comment="" key="false" length="0" name="ADJ_ID" nullable="true" pattern="" precision="0" sourceType="INT" type="id_Integer" usefulColumn="true">
        <additionalField key="Comment" value=""/>
      </column>
      <column comment="" key="false" length="10" name="DLR_FIN_ADJ_KEY" nullable="false" pattern="" precision="0" sourceType="CHAR" type="id_String" usefulColumn="true">
        <additionalField key="Comment" value=""/>
      </column>
      <column comment="" key="false" length="0" name="DFA_ADPY_DISTB_AM" nullable="true" pattern="" precision="10" sourceType="NUMERIC" type="id_BigDecimal" usefulColumn="true">
        <additionalField key="Comment" value=""/>
      </column>
      <column comment="" key="false" length="0" name="DFA_ADPY_AM" nullable="true" pattern="" precision="10" sourceType="DECIMAL" type="id_BigDecimal" usefulColumn="true">
        <additionalField key="Comment" value=""/>
      </column>
      <column comment="" key="false" length="0" name="DFA_ADPY_DT" nullable="true" pattern="dd-MM-yyyy" precision="0" sourceType="DATE" type="id_Date" usefulColumn="true">
        <additionalField key="Comment" value=""/>
      </column>
      <column comment="" key="false" length="0" name="DFA_ADPY_CMT_TX" nullable="true" pattern="dd-MM-yyyy" precision="26" sourceType="DATETIME" type="id_Date" usefulColumn="true">
        <additionalField key="Comment" value=""/>
      </column>
      <column comment="" key="false" length="0" name="DFA_ADPY_VIN_NO" nullable="true" pattern="" precision="0" sourceType="SMALLINT" type="id_Short" usefulColumn="true">
        <additionalField key="Comment" value=""/>
      </column>
      <column comment="" key="false" length="20" name="DFA_ADPY_REF_NO" nullable="true" pattern="" precision="20" sourceType="NVARCHAR" type="id_String" usefulColumn="true">
        <additionalField key="Comment" value=""/>
      </column>
      <column comment="" key="false" length="0" name="ADJ_ID" nullable="true" pattern="" precision="10" sourceType="INT" type="id_Integer" usefulColumn="true">
        <additionalField key="Comment" value=""/>
      </column>
      <column comment="" key="false" length="10" name="DLR_FIN_ADJ_KEY" nullable="true" pattern="" precision="0" sourceType="CHAR" type="id_String" usefulColumn="true">
        <additionalField key="Comment" value=""/>
      </column>
      <column comment="" key="false" length="0" name="DISTB_AM" nullable="true" pattern="" precision="10" sourceType="NUMERIC" type="id_BigDecimal" usefulColumn="true">
        <additionalField key="Comment" value=""/>
      </column>
      <column comment="" key="false" length="0" name="DFA_ADPY_AM" nullable="true" pattern="" precision="10" sourceType="DECIMAL" type="id_BigDecimal" usefulColumn="true">
        <additionalField key="Comment" value=""/>
      </column>
      <column comment="" key="false" length="0" name="DFA_ADPY_DT" nullable="true" pattern="dd-MM-yyyy" precision="0" sourceType="DATE" type="id_Date" usefulColumn="true">
        <additionalField key="Comment" value=""/>
      </column>
      <column comment="" key="false" length="0" name="DFA_ADPY_CMT_TX" nullable="true" pattern="dd-MM-yyyy" precision="0" sourceType="DATETIME" type="id_Date" usefulColumn="true">
        <additionalField key="Comment" value=""/>
      </column>
      <column comment="" key="false" length="0" name="DFA_ADPY_VIN_NO" nullable="true" pattern="" precision="5" sourceType="SMALLINT" type="id_Short" usefulColumn="true">
        <additionalField key="Comment" value=""/>
      </column>
      <column comment="" key="false" length="10" name="INSERT_KEY" nullable="true" pattern="" precision="0" sourceType="INT" type="id_Integer" usefulColumn="true">
        <additionalField key="Comment" value=""/>
      </column>
      <column comment="" key="false" length="10" name="UPDATE_KEY" nullable="true" pattern="" precision="0" sourceType="INT" type="id_Integer" usefulColumn="true">
        <additionalField key="Comment" value=""/>
      </column>
      <column defaultValue="" key="false" length="255" name="errorCode" nullable="true" precision="0" sourceType="" type="id_String" originalLength="-1" usefulColumn="true"/>
      <column defaultValue="" key="false" length="255" name="errorMessage" nullable="true" precision="0" sourceType="" type="id_String" originalLength="-1" usefulColumn="true"/>
      <additionalProperties key="Comment" value=""/>
    </metadata>
  </node>
  <connection connectorName="FLOW" label="row2" lineStyle="0" metaname="tMSSqlInput_2" offsetLabelX="0" offsetLabelY="0" source="tMSSqlInput_2" target="tMap_1">
    <elementParameter field="CHECK" name="MONITOR_CONNECTION" value="false"/>
    <elementParameter field="TEXT" name="UNIQUE_NAME" value="row2" show="false"/>
  </connection>
  <connection connectorName="FLOW" label="out" lineStyle="0" metaname="out" offsetLabelX="0" offsetLabelY="0" source="tMap_1" target="tMSSqlSCD_2">
    <elementParameter field="CHECK" name="MONITOR_CONNECTION" value="false"/>
    <elementParameter field="TEXT" name="UNIQUE_NAME" value="out" show="false"/>
  </connection>
  <subjob>
    <elementParameter field="TEXT" name="UNIQUE_NAME" value="tMSSqlInput_2" show="false"/>
    <elementParameter field="COLOR" name="SUBJOB_TITLE_COLOR" value="92;131;150" show="false"/>
    <elementParameter field="COLOR" name="SUBJOB_COLOR" value="207;226;236"/>
  </subjob>
</talendfile:ProcessType>
<?xml version="1.0" encoding="UTF-8"?>
<talendfile:ProcessType xmi:version="2.0" xmlns:xmi="http://www.omg.org/XMI" xmlns:xsi="http://www.w3.org/2001/XMLSchema-instance" xmlns:TalendMapper="http://www.talend.org/mapper" xmlns:talendfile="platform:/resource/org.talend.model/model/TalendFile.xsd" defaultContext="Default" jobType="Standard">
  <context confirmationNeeded="false" name="Default">
    <contextParameter comment="" name="mssql_powerbi_Database" prompt="mssql_powerbi_Database?" promptNeeded="false" repositoryContextId="_FML-4H6kEeiA8ZBmqjYs_Q" type="id_String" value="power-bi"/>
    <contextParameter comment="" name="mssql_powerbi_Schema" prompt="mssql_powerbi_Schema?" promptNeeded="false" repositoryContextId="_FML-4H6kEeiA8ZBmqjYs_Q" type="id_String" value="dbo"/>
    <contextParameter comment="" name="mssql_powerbi_Server" prompt="mssql_powerbi_Server?" promptNeeded="false" repositoryContextId="_FML-4H6kEeiA8ZBmqjYs_Q" type="id_String" value="dbdevsrv"/>
    <contextParameter comment="" name="mssql_powerbi_Login" prompt="mssql_powerbi_Login?" promptNeeded="false" repositoryContextId="_FML-4H6kEeiA8ZBmqjYs_Q" type="id_String" value="powerbiusr"/>
    <contextParameter comment="" name="mssql_powerbi_AdditionalParams" prompt="mssql_powerbi_AdditionalParams?" promptNeeded="false" repositoryContextId="_FML-4H6kEeiA8ZBmqjYs_Q" type="id_String" value=""/>
    <contextParameter comment="" name="mssql_powerbi_Password" prompt="mssql_powerbi_Password?" promptNeeded="false" repositoryContextId="_FML-4H6kEeiA8ZBmqjYs_Q" type="id_Password" value="KZHLyJTXPQdgaXR04fz3ng=="/>
    <contextParameter comment="" name="mssql_powerbi_Port" prompt="mssql_powerbi_Port?" promptNeeded="false" repositoryContextId="_FML-4H6kEeiA8ZBmqjYs_Q" type="id_String" value="49352"/>
  </context>
  <parameters>
    <elementParameter field="TEXT" name="SCREEN_OFFSET_X" value="0" show="false"/>
    <elementParameter field="TEXT" name="SCREEN_OFFSET_Y" value="0" show="false"/>
    <elementParameter field="TEXT" name="REPOSITORY_CONNECTION_ID" value="" show="false"/>
    <elementParameter field="TEXT" name="OOZIE_PROPERTY_TYPENAME" value="" show="false"/>
    <elementParameter field="TEXT" name="OOZIE_HADOOP_DISTRIBUTION" value="" show="false"/>
    <elementParameter field="TEXT" name="OOZIE_HADOOP_VERSION" value="" show="false"/>
    <elementParameter field="TEXT" name="OOZIE_ENABLE_KERBEROS" value="" show="false"/>
    <elementParameter field="TEXT" name="OOZIE_NAME_NODE_PRINCIPAL" value="" show="false"/>
    <elementParameter field="TEXT" name="OOZIE_USERNAME" value="" show="false"/>
    <elementParameter field="TEXT" name="OOZIE_GROUP" value="" show="false"/>
    <elementParameter field="TEXT" name="OOZIE_USE_KEYTAB" value="" show="false"/>
    <elementParameter field="TEXT" name="OOZIE_KT_PRINCIPAL" value="" show="false"/>
    <elementParameter field="TEXT" name="OOZIE_KEY_TAB" value="" show="false"/>
    <elementParameter field="TEXT" name="OOZIE_ENABLE_OO_KERBEROS" value="" show="false"/>
    <elementParameter field="TEXT" name="OOZIE_NAME_NODE_END_POINT" value="" show="false"/>
    <elementParameter field="TEXT" name="OOZIE_JOB_TRACKER_ENDPOINT" value="" show="false"/>
    <elementParameter field="TEXT" name="OOZIE_END_POINT" value="" show="false"/>
    <elementParameter field="CHECK" name="IMPLICITCONTEXT_USE_PROJECT_SETTINGS" value="true" show="false"/>
    <elementParameter field="CHECK" name="STATANDLOG_USE_PROJECT_SETTINGS" value="true" show="false"/>
    <elementParameter field="CHECK" name="MULTI_THREAD_EXECATION" value="false"/>
    <elementParameter field="CHECK" name="IMPLICIT_TCONTEXTLOAD" value="false"/>
    <elementParameter field="RADIO" name="FROM_FILE_FLAG_IMPLICIT_CONTEXT" value="false" show="false"/>
    <elementParameter field="RADIO" name="FROM_DATABASE_FLAG_IMPLICIT_CONTEXT" value="false" show="false"/>
    <elementParameter field="FILE" name="IMPLICIT_TCONTEXTLOAD_FILE" value="&quot;&quot;" show="false"/>
    <elementParameter field="TEXT" name="FIELDSEPARATOR" value="&quot;&quot;" show="false"/>
    <elementParameter field="TECHNICAL" name="PROPERTY_TYPE_IMPLICIT_CONTEXT:PROPERTY_TYPE" value="" show="false"/>
    <elementParameter field="TECHNICAL" name="PROPERTY_TYPE_IMPLICIT_CONTEXT:REPOSITORY_PROPERTY_TYPE" value="" show="false"/>
    <elementParameter field="CLOSED_LIST" name="DB_TYPE_IMPLICIT_CONTEXT" value="" show="false"/>
    <elementParameter field="CLOSED_LIST" name="DB_VERSION_IMPLICIT_CONTEXT" value="" show="false"/>
    <elementParameter field="TEXT" name="URL_IMPLICIT_CONTEXT" value="&quot;&quot;" show="false"/>
    <elementParameter field="TABLE" name="DRIVER_JAR_IMPLICIT_CONTEXT" show="false"/>
    <elementParameter field="TEXT" name="DRIVER_CLASS_IMPLICIT_CONTEXT" value="&quot;&quot;" show="false"/>
    <elementParameter field="TEXT" name="HOST_IMPLICIT_CONTEXT" value="&quot;&quot;" show="false"/>
    <elementParameter field="TEXT" name="PORT_IMPLICIT_CONTEXT" value="&quot;&quot;" show="false"/>
    <elementParameter field="TEXT" name="DBNAME_IMPLICIT_CONTEXT" value="&quot;&quot;" show="false"/>
    <elementParameter field="TEXT" name="LOCAL_SERVICE_NAME_IMPLICIT_CONTEXT" value="&quot;&quot;" show="false"/>
    <elementParameter field="TEXT" name="PROPERTIES_IMPLICIT_CONTEXT" value="&quot;&quot;" show="false"/>
    <elementParameter field="TEXT" name="SCHEMA_DB_IMPLICIT_CONTEXT" value="&quot;&quot;" show="false"/>
    <elementParameter field="TEXT" name="USER_IMPLICIT_CONTEXT" value="&quot;&quot;" show="false"/>
    <elementParameter field="PASSWORD" name="PASS_IMPLICIT_CONTEXT" value="0RMsyjmybrE=" show="false"/>
    <elementParameter field="FILE" name="DBFILE_IMPLICIT_CONTEXT" value="&quot;&quot;" show="false"/>
    <elementParameter field="DBTABLE" name="DBTABLE_IMPLICIT_CONTEXT" value="&quot;&quot;" show="false"/>
    <elementParameter field="TEXT" name="QUERY_CONDITION_IMPLICIT_CONTEXT" value="&quot;&quot;" show="false"/>
    <elementParameter field="CLOSED_LIST" name="LOAD_NEW_VARIABLE" value="Warning" show="false"/>
    <elementParameter field="CLOSED_LIST" name="NOT_LOAD_OLD_VARIABLE" value="Warning" show="false"/>
    <elementParameter field="CHECK" name="PRINT_OPERATIONS" value="false" show="false"/>
    <elementParameter field="CHECK" name="DISABLE_ERROR" value="false" show="false"/>
    <elementParameter field="CHECK" name="DISABLE_WARNINGS" value="false" show="false"/>
    <elementParameter field="CHECK" name="DISABLE_INFO" value="false" show="false"/>
    <elementParameter field="CHECK" name="ON_STATCATCHER_FLAG" value="false"/>
    <elementParameter field="CHECK" name="ON_LOGCATCHER_FLAG" value="false"/>
    <elementParameter field="CHECK" name="ON_METERCATCHER_FLAG" value="false"/>
    <elementParameter field="CHECK" name="ON_CONSOLE_FLAG" value="false" show="false"/>
    <elementParameter field="CHECK" name="ON_FILES_FLAG" value="false" show="false"/>
    <elementParameter field="DIRECTORY" name="FILE_PATH" value="&quot;C:/Users/tr3/Desktop/ninad_workspace/.metadata&quot;" show="false"/>
    <elementParameter field="TEXT" name="FILENAME_STATS" value="&quot;stats_file.txt&quot;" show="false"/>
    <elementParameter field="TEXT" name="FILENAME_LOGS" value="&quot;logs_file.txt&quot;" show="false"/>
    <elementParameter field="TEXT" name="FILENAME_METTER" value="&quot;meter_file.txt&quot;" show="false"/>
    <elementParameter field="ENCODING_TYPE" name="ENCODING" value="ISO-8859-15" show="false"/>
    <elementParameter field="TECHNICAL" name="ENCODING:ENCODING_TYPE" value="ISO-8859-15" show="false"/>
    <elementParameter field="CHECK" name="ON_DATABASE_FLAG" value="false" show="false"/>
    <elementParameter field="CLOSED_LIST" name="DB_TYPE" value="tJDBCOutput" show="false"/>
    <elementParameter field="CLOSED_LIST" name="DB_VERSION" value="ORACLE_11" show="false"/>
    <elementParameter field="TEXT" name="URL" value="&quot;&quot;" show="false"/>
    <elementParameter field="TABLE" name="DRIVER_JAR" show="false"/>
    <elementParameter field="TEXT" name="DRIVER_CLASS" value="&quot;&quot;" show="false"/>
    <elementParameter field="TEXT" name="HOST" value="&quot;&quot;" show="false"/>
    <elementParameter field="TEXT" name="PORT" value="&quot;&quot;" show="false"/>
    <elementParameter field="TEXT" name="DATASOURCE" value="&quot;&quot;" show="false"/>
    <elementParameter field="TEXT" name="DBNAME" value="&quot;&quot;" show="false"/>
    <elementParameter field="TEXT" name="LOCAL_SERVICE_NAME" value="&quot;&quot;" show="false"/>
    <elementParameter field="TEXT" name="PROPERTIES" value="&quot;&quot;" show="false"/>
    <elementParameter field="TEXT" name="SCHEMA_DB" value="&quot;&quot;" show="false"/>
    <elementParameter field="TEXT" name="USER" value="&quot;&quot;" show="false"/>
    <elementParameter field="PASSWORD" name="PASS" value="0RMsyjmybrE=" show="false"/>
    <elementParameter field="FILE" name="DBFILE" value="&quot;&quot;" show="false"/>
    <elementParameter field="DBTABLE" name="TABLE_STATS" value="&quot;&quot;" show="false"/>
    <elementParameter field="DBTABLE" name="TABLE_LOGS" value="&quot;&quot;" show="false"/>
    <elementParameter field="DBTABLE" name="TABLE_METER" value="&quot;&quot;" show="false"/>
    <elementParameter field="CHECK" name="CATCH_RUNTIME_ERRORS" value="true" show="false"/>
    <elementParameter field="CHECK" name="CATCH_USER_ERRORS" value="true" show="false"/>
    <elementParameter field="CHECK" name="CATCH_USER_WARNING" value="true" show="false"/>
    <elementParameter field="CHECK" name="CATCH_REALTIME_STATS" value="false" show="false"/>
    <elementParameter field="TEXT" name="HEADERFOOTER_HEADERID" value="" show="false"/>
    <elementParameter field="CHECK" name="HEADER_ENABLED" value="false" show="false"/>
    <elementParameter field="TEXT" name="HEADER_LIBRARY" value="" show="false"/>
    <elementParameter field="TEXT" name="HEADER_CODE" value="" show="false"/>
    <elementParameter field="TEXT" name="HEADER_IMPORT" value="" show="false"/>
    <elementParameter field="TEXT" name="HEADERFOOTER_FOOTERID" value="" show="false"/>
    <elementParameter field="CHECK" name="FOOTER_ENABLED" value="false" show="false"/>
    <elementParameter field="TEXT" name="FOOTER_LIBRARY" value="" show="false"/>
    <elementParameter field="TEXT" name="FOOTER_CODE" value="" show="false"/>
    <elementParameter field="TEXT" name="FOOTER_IMPORT" value="" show="false"/>
    <routinesParameter id="_b-Rc4G4MEeildNXmqLGcXg" name="DataOperation"/>
    <routinesParameter id="_cAg4kG4MEeildNXmqLGcXg" name="Mathematical"/>
    <routinesParameter id="_cA89cG4MEeildNXmqLGcXg" name="Numeric"/>
    <routinesParameter id="_cA89dG4MEeildNXmqLGcXg" name="Relational"/>
    <routinesParameter id="_cBGucG4MEeildNXmqLGcXg" name="StringHandling"/>
    <routinesParameter id="_cBQfcG4MEeildNXmqLGcXg" name="TalendDataGenerator"/>
    <routinesParameter id="_cBZpYG4MEeildNXmqLGcXg" name="TalendDate"/>
    <routinesParameter id="_cC43IG4MEeildNXmqLGcXg" name="TalendStringUtil"/>
    <routinesParameter id="_cCAGUG4MEeildNXmqLGcXg" name="TalendString"/>
  </parameters>
  <node componentName="tMSSqlInput" componentVersion="0.102" offsetLabelX="0" offsetLabelY="0" posX="160" posY="96">
    <elementParameter field="TEXT" name="UNIQUE_NAME" value="tMSSqlInput_2" show="false"/>
    <elementParameter field="CHECK" name="USE_EXISTING_CONNECTION" value="false"/>
    <elementParameter field="COMPONENT_LIST" name="CONNECTION" value="" show="false"/>
    <elementParameter field="TECHNICAL" name="PROPERTY:PROPERTY_TYPE" value="REPOSITORY"/>
    <elementParameter field="TECHNICAL" name="PROPERTY:REPOSITORY_PROPERTY_TYPE" value="_nPm2YH6jEeiA8ZBmqjYs_Q" show="false"/>
    <elementParameter field="TEXT" name="HOST" value="context.mssql_powerbi_Server"/>
    <elementParameter field="CLOSED_LIST" name="DRIVER" value="JTDS"/>
    <elementParameter field="TEXT" name="TYPE" value="MSSQL" show="false"/>
    <elementParameter field="TEXT" name="PORT" value="context.mssql_powerbi_Port"/>
    <elementParameter field="TEXT" name="DB_SCHEMA" value="context.mssql_powerbi_Schema"/>
    <elementParameter field="TEXT" name="DBNAME" value="context.mssql_powerbi_Database"/>
    <elementParameter field="TEXT" name="USER" value="context.mssql_powerbi_Login"/>
    <elementParameter field="PASSWORD" name="PASS" value="8pW6Nmy2kueNRc2WqlpbZW+jB7lbJhD4zUZP+Aet3Ec="/>
    <elementParameter field="TECHNICAL" name="SCHEMA:SCHEMA_TYPE" value="REPOSITORY" show="false"/>
    <elementParameter field="TECHNICAL" name="SCHEMA:REPOSITORY_SCHEMA_TYPE" value="_nPm2YH6jEeiA8ZBmqjYs_Q - ADJINFO_SRC" show="false"/>
    <elementParameter field="DBTABLE" name="TABLE" value="&quot;ADJINFO_SRC&quot;"/>
    <elementParameter field="QUERYSTORE_TYPE" name="QUERYSTORE" value="&quot;&quot;"/>
    <elementParameter field="TECHNICAL" name="QUERYSTORE:REPOSITORY_QUERYSTORE_TYPE" value="" show="false"/>
    <elementParameter field="TECHNICAL" name="QUERYSTORE:QUERYSTORE_TYPE" value="BUILT_IN"/>
    <elementParameter field="GUESS_SCHEMA" name="GUESS_SCHEMA" value="&quot;&quot;"/>
    <elementParameter field="MEMO_SQL" name="QUERY" value="&quot;SELECT \&quot;&quot;+context.mssql_powerbi_Schema+&quot;\&quot;
			.ADJINFO_SRC.DLR_FIN_ADJ_KEY,&#xA;&#x9;&#x9;\&quot;&quot;+context.mssql_powerbi_Schema+&quot;\&quot;			.ADJINFO_SRC.DFA_ADPY_DISTB_AM,&#xA;&#x9;&#x9;\&quot;&quot;+context.mssql_powerbi_Schema+&quot;\&quot;			.ADJINFO_SRC.DFA_ADPY_AM,&#xA;&#x9;&#x9;\&quot;&quot;+context.mssql_powerbi_Schema+&quot;\&quot;			.ADJINFO_SRC.DFA_ADPY_DT,&#xA;&#x9;&#x9;\&quot;&quot;+context.mssql_powerbi_Schema+&quot;\&quot;			.ADJINFO_SRC.DFA_ADPY_CMT_TX,&#xA;&#x9;&#x9;\&quot;&quot;+context.mssql_powerbi_Schema+&quot;\&quot;			.ADJINFO_SRC.DFA_ADPY_VIN_NO,&#xA;&#x9;&#x9;\&quot;&quot;+context.mssql_powerbi_Schema+&quot;\&quot;			.ADJINFO_SRC.DFA_ADPY_REF_NO,&#xA;&#x9;&#x9;\&quot;&quot;+context.mssql_powerbi_Schema+&quot;\&quot;			.ADJINFO_SRC.DLR_FIN_ADJ_KEY,&#xA;&#x9;&#x9;\&quot;&quot;+context.mssql_powerbi_Schema+&quot;\&quot;			.ADJINFO_SRC.DISTB_AM,&#xA;&#x9;&#x9;\&quot;&quot;+context.mssql_powerbi_Schema+&quot;\&quot;			.ADJINFO_SRC.DFA_ADPY_AM,&#xA;&#x9;&#x9;\&quot;&quot;+context.mssql_powerbi_Schema+&quot;\&quot;			.ADJINFO_SRC.DFA_ADPY_DT,&#xA;&#x9;&#x9;\&quot;&quot;+context.mssql_powerbi_Schema+&quot;\&quot;			.ADJINFO_SRC.DFA_ADPY_CMT_TX,&#xA;&#x9;&#x9;\&quot;&quot;+context.mssql_powerbi_Schema+&quot;\&quot;			.ADJINFO_SRC.DFA_ADPY_VIN_NO			&quot;&#xA;+&quot;&#xA;FROM&#x9;\&quot;&quot;+context.mssql_powerbi_Schema+&quot;\&quot;.ADJINFO_SRC&quot;"/>
    <elementParameter field="LABEL" name="NOTE" value="This option only applies when deploying and running in the Talend Runtime"/>
    <elementParameter field="CHECK" name="SPECIFY_DATASOURCE_ALIAS" value="false"/>
    <elementParameter field="TEXT" name="DATASOURCE_ALIAS" value="&quot;&quot;" show="false"/>
    <elementParameter field="MAPPING_TYPE" name="MAPPING" value="id_MSSQL" show="false"/>
    <elementParameter field="TEXT" name="PROPERTIES" value="context.mssql_powerbi_AdditionalParams"/>
    <elementParameter field="ENCODING_TYPE" name="ENCODING" value="&quot;ISO-8859-15&quot;" show="false"/>
    <elementParameter field="TECHNICAL" name="ENCODING:ENCODING_TYPE" value="ISO-8859-15"/>
    <elementParameter field="CHECK" name="TRIM_ALL_COLUMN" value="false"/>
    <elementParameter field="TABLE" name="TRIM_COLUMN">
      <elementValue elementRef="SCHEMA_COLUMN" value="DLR_FIN_ADJ_KEY"/>
      <elementValue elementRef="TRIM" value="false"/>
      <elementValue elementRef="SCHEMA_COLUMN" value="DFA_ADPY_DISTB_AM"/>
      <elementValue elementRef="TRIM" value="false"/>
      <elementValue elementRef="SCHEMA_COLUMN" value="DFA_ADPY_AM"/>
      <elementValue elementRef="TRIM" value="false"/>
      <elementValue elementRef="SCHEMA_COLUMN" value="DFA_ADPY_DT"/>
      <elementValue elementRef="TRIM" value="false"/>
      <elementValue elementRef="SCHEMA_COLUMN" value="DFA_ADPY_CMT_TX"/>
      <elementValue elementRef="TRIM" value="false"/>
      <elementValue elementRef="SCHEMA_COLUMN" value="DFA_ADPY_VIN_NO"/>
      <elementValue elementRef="TRIM" value="false"/>
      <elementValue elementRef="SCHEMA_COLUMN" value="DFA_ADPY_REF_NO"/>
      <elementValue elementRef="TRIM" value="false"/>
      <elementValue elementRef="SCHEMA_COLUMN" value="DLR_FIN_ADJ_KEY"/>
      <elementValue elementRef="TRIM" value="false"/>
      <elementValue elementRef="SCHEMA_COLUMN" value="DISTB_AM"/>
      <elementValue elementRef="TRIM" value="false"/>
      <elementValue elementRef="SCHEMA_COLUMN" value="DFA_ADPY_AM"/>
      <elementValue elementRef="TRIM" value="false"/>
      <elementValue elementRef="SCHEMA_COLUMN" value="DFA_ADPY_DT"/>
      <elementValue elementRef="TRIM" value="false"/>
      <elementValue elementRef="SCHEMA_COLUMN" value="DFA_ADPY_CMT_TX"/>
      <elementValue elementRef="TRIM" value="false"/>
      <elementValue elementRef="SCHEMA_COLUMN" value="DFA_ADPY_VIN_NO"/>
      <elementValue elementRef="TRIM" value="false"/>
    </elementParameter>
    <elementParameter field="TEXT" name="CONNECTION_FORMAT" value="row"/>
    <metadata connector="FLOW" label="ADJINFO_SRC" name="tMSSqlInput_2">
      <column comment="" key="false" length="10" name="DLR_FIN_ADJ_KEY" nullable="false" pattern="" precision="0" sourceType="CHAR" type="id_String" usefulColumn="true">
        <additionalField key="Comment" value=""/>
      </column>
      <column comment="" key="false" length="0" name="DFA_ADPY_DISTB_AM" nullable="true" pattern="" precision="10" sourceType="NUMERIC" type="id_BigDecimal" usefulColumn="true">
        <additionalField key="Comment" value=""/>
      </column>
      <column comment="" key="false" length="0" name="DFA_ADPY_AM" nullable="true" pattern="" precision="10" sourceType="DECIMAL" type="id_BigDecimal" usefulColumn="true">
        <additionalField key="Comment" value=""/>
      </column>
      <column comment="" key="false" length="0" name="DFA_ADPY_DT" nullable="true" pattern="dd-MM-yyyy" precision="0" sourceType="DATE" type="id_Date" usefulColumn="true">
        <additionalField key="Comment" value=""/>
      </column>
      <column comment="" key="false" length="0" name="DFA_ADPY_CMT_TX" nullable="true" pattern="dd-MM-yyyy" precision="26" sourceType="DATETIME" type="id_Date" usefulColumn="true">
        <additionalField key="Comment" value=""/>
      </column>
      <column comment="" key="false" length="0" name="DFA_ADPY_VIN_NO" nullable="true" pattern="" precision="0" sourceType="SMALLINT" type="id_Short" usefulColumn="true">
        <additionalField key="Comment" value=""/>
      </column>
      <column comment="" key="false" length="20" name="DFA_ADPY_REF_NO" nullable="true" pattern="" precision="20" sourceType="NVARCHAR" type="id_String" usefulColumn="true">
        <additionalField key="Comment" value=""/>
      </column>
      <column comment="" key="false" length="10" name="DLR_FIN_ADJ_KEY" nullable="true" pattern="" precision="0" sourceType="CHAR" type="id_String" usefulColumn="true">
        <additionalField key="Comment" value=""/>
      </column>
      <column comment="" key="false" length="0" name="DISTB_AM" nullable="true" pattern="" precision="10" sourceType="NUMERIC" type="id_BigDecimal" usefulColumn="true">
        <additionalField key="Comment" value=""/>
      </column>
      <column comment="" key="false" length="0" name="DFA_ADPY_AM" nullable="true" pattern="" precision="10" sourceType="DECIMAL" type="id_BigDecimal" usefulColumn="true">
        <additionalField key="Comment" value=""/>
      </column>
      <column comment="" key="false" length="0" name="DFA_ADPY_DT" nullable="true" pattern="dd-MM-yyyy" precision="0" sourceType="DATE" type="id_Date" usefulColumn="true">
        <additionalField key="Comment" value=""/>
      </column>
      <column comment="" key="false" length="0" name="DFA_ADPY_CMT_TX" nullable="true" pattern="dd-MM-yyyy" precision="0" sourceType="DATETIME" type="id_Date" usefulColumn="true">
        <additionalField key="Comment" value=""/>
      </column>
      <column comment="" key="false" length="0" name="DFA_ADPY_VIN_NO" nullable="true" pattern="" precision="5" sourceType="SMALLINT" type="id_Short" usefulColumn="true">
        <additionalField key="Comment" value=""/>
      </column>
    </metadata>
  </node>
  <node componentName="tMap" componentVersion="2.1" offsetLabelX="0" offsetLabelY="0" posX="288" posY="96">
    <elementParameter field="TEXT" name="UNIQUE_NAME" value="tMap_1" show="false"/>
    <elementParameter field="EXTERNAL" name="MAP" value=""/>
    <elementParameter field="CLOSED_LIST" name="LINK_STYLE" value="AUTO"/>
    <elementParameter field="DIRECTORY" name="TEMPORARY_DATA_DIRECTORY" value=""/>
    <elementParameter field="IMAGE" name="PREVIEW" value="_XEv60H9zEeiRzvJY6qNFrg-tMap_1-PREVIEW.bmp"/>
    <elementParameter field="CHECK" name="DIE_ON_ERROR" value="true" show="false"/>
    <elementParameter field="CHECK" name="LKUP_PARALLELIZE" value="false" show="false"/>
    <elementParameter field="CHECK" name="ENABLE_AUTO_CONVERT_TYPE" value="false" show="false"/>
    <elementParameter field="TEXT" name="ROWS_BUFFER_SIZE" value="2000000"/>
    <elementParameter field="CHECK" name="CHANGE_HASH_AND_EQUALS_FOR_BIGDECIMAL" value="false"/>
    <elementParameter field="TEXT" name="CONNECTION_FORMAT" value="row"/>
    <metadata connector="FLOW" label="ADJINFO_TRG" name="out">
      <column comment="" key="false" length="10" name="DLR_FIN_ADJ_KEY" nullable="false" pattern="" precision="0" sourceType="CHAR" type="id_String" usefulColumn="true">
        <additionalField key="Comment" value=""/>
      </column>
      <column comment="" key="false" length="10" name="DLR_FIN_ADJ_KEY" nullable="false" pattern="" precision="0" sourceType="CHAR" type="id_String" usefulColumn="true">
        <additionalField key="Comment" value=""/>
      </column>
      <column comment="" key="false" length="0" name="DFA_ADPY_DISTB_AM" nullable="true" pattern="" precision="10" sourceType="NUMERIC" type="id_BigDecimal" usefulColumn="true">
        <additionalField key="Comment" value=""/>
      </column>
      <column comment="" key="false" length="0" name="DFA_ADPY_AM" nullable="true" pattern="" precision="10" sourceType="DECIMAL" type="id_BigDecimal" usefulColumn="true">
        <additionalField key="Comment" value=""/>
      </column>
      <column comment="" key="false" length="0" name="DFA_ADPY_AM" nullable="true" pattern="" precision="10" sourceType="DECIMAL" type="id_BigDecimal" usefulColumn="true">
        <additionalField key="Comment" value=""/>
      </column>
      <column comment="" key="false" length="0" name="DFA_ADPY_DT" nullable="true" pattern="dd-MM-yyyy" precision="0" sourceType="DATE" type="id_Date" usefulColumn="true">
        <additionalField key="Comment" value=""/>
      </column>
      <column comment="" key="false" length="0" name="DFA_ADPY_DT" nullable="true" pattern="dd-MM-yyyy" precision="0" sourceType="DATE" type="id_Date" usefulColumn="true">
        <additionalField key="Comment" value=""/>
      </column>
      <column comment="" key="false" length="0" name="DFA_ADPY_CMT_TX" nullable="true" pattern="dd-MM-yyyy" precision="26" sourceType="DATETIME" type="id_Date" usefulColumn="true">
        <additionalField key="Comment" value=""/>
      </column>
      <column comment="" key="false" length="0" name="DFA_ADPY_CMT_TX" nullable="true" pattern="dd-MM-yyyy" precision="26" sourceType="DATETIME" type="id_Date" usefulColumn="true">
        <additionalField key="Comment" value=""/>
      </column>
      <column comment="" key="false" length="0" name="DFA_ADPY_VIN_NO" nullable="true" pattern="" precision="0" sourceType="SMALLINT" type="id_Short" usefulColumn="true">
        <additionalField key="Comment" value=""/>
      </column>
      <column comment="" key="false" length="0" name="DFA_ADPY_VIN_NO" nullable="true" pattern="" precision="0" sourceType="SMALLINT" type="id_Short" usefulColumn="true">
        <additionalField key="Comment" value=""/>
      </column>
      <column comment="" key="false" length="20" name="DFA_ADPY_REF_NO" nullable="true" pattern="" precision="20" sourceType="NVARCHAR" type="id_String" usefulColumn="true">
        <additionalField key="Comment" value=""/>
      </column>
      <column comment="" key="false" length="10" name="DLR_FIN_ADJ_KEY" nullable="true" pattern="" precision="0" sourceType="CHAR" type="id_String" usefulColumn="true">
        <additionalField key="Comment" value=""/>
      </column>
      <column comment="" key="false" length="10" name="DLR_FIN_ADJ_KEY" nullable="true" pattern="" precision="0" sourceType="CHAR" type="id_String" usefulColumn="true">
        <additionalField key="Comment" value=""/>
      </column>
      <column comment="" key="false" length="0" name="DISTB_AM" nullable="true" pattern="" precision="10" sourceType="NUMERIC" type="id_BigDecimal" usefulColumn="true">
        <additionalField key="Comment" value=""/>
      </column>
      <column comment="" key="false" length="0" name="DFA_ADPY_AM" nullable="true" pattern="" precision="10" sourceType="DECIMAL" type="id_BigDecimal" usefulColumn="true">
        <additionalField key="Comment" value=""/>
      </column>
      <column comment="" key="false" length="0" name="DFA_ADPY_AM" nullable="true" pattern="" precision="10" sourceType="DECIMAL" type="id_BigDecimal" usefulColumn="true">
        <additionalField key="Comment" value=""/>
      </column>
      <column comment="" key="false" length="0" name="DFA_ADPY_DT" nullable="true" pattern="dd-MM-yyyy" precision="0" sourceType="DATE" type="id_Date" usefulColumn="true">
        <additionalField key="Comment" value=""/>
      </column>
      <column comment="" key="false" length="0" name="DFA_ADPY_DT" nullable="true" pattern="dd-MM-yyyy" precision="0" sourceType="DATE" type="id_Date" usefulColumn="true">
        <additionalField key="Comment" value=""/>
      </column>
      <column comment="" key="false" length="0" name="DFA_ADPY_CMT_TX" nullable="true" pattern="dd-MM-yyyy" precision="0" sourceType="DATETIME" type="id_Date" usefulColumn="true">
        <additionalField key="Comment" value=""/>
      </column>
      <column comment="" key="false" length="0" name="DFA_ADPY_CMT_TX" nullable="true" pattern="dd-MM-yyyy" precision="0" sourceType="DATETIME" type="id_Date" usefulColumn="true">
        <additionalField key="Comment" value=""/>
      </column>
      <column comment="" key="false" length="0" name="DFA_ADPY_VIN_NO" nullable="true" pattern="" precision="5" sourceType="SMALLINT" type="id_Short" usefulColumn="true">
        <additionalField key="Comment" value=""/>
      </column>
      <column comment="" key="false" length="0" name="DFA_ADPY_VIN_NO" nullable="true" pattern="" precision="5" sourceType="SMALLINT" type="id_Short" usefulColumn="true">
        <additionalField key="Comment" value=""/>
      </column>
       <column comment="" key="false" length="10" name="INSERT_KEY" nullable="true" pattern="" precision="0" sourceType="INT" type="id_Integer" usefulColumn="true">
        <additionalField key="Comment" value=""/>
      </column>
      <column comment="" key="false" length="10" name="UPDATE_KEY" nullable="true" pattern="" precision="0" sourceType="INT" type="id_Integer" usefulColumn="true">
        <additionalField key="Comment" value=""/>
      </column>
    </metadata>
    <nodeData xsi:type="TalendMapper:MapperData">
      <uiProperties shellMaximized="true"/>
      <varTables sizeState="INTERMEDIATE" name="Var" minimized="true"/>
      <outputTables sizeState="INTERMEDIATE" name="out">
         <mapperTableEntries name="DLR_FIN_ADJ_KEY" expression="row2.DLR_FIN_ADJ_KEY " type="id_String" nullable="false"/>
         <mapperTableEntries name="DLR_FIN_ADJ_KEY" expression="row2.DLR_FIN_ADJ_KEY " type="id_String" nullable="false"/>
         <mapperTableEntries name="DFA_ADPY_DISTB_AM" expression="row2.DFA_ADPY_DISTB_AM " type="id_BigDecimal" nullable="true"/>
         <mapperTableEntries name="DFA_ADPY_AM" expression="row2.DFA_ADPY_AM " type="id_BigDecimal" nullable="true"/>
         <mapperTableEntries name="DFA_ADPY_AM" expression="row2.DFA_ADPY_AM " type="id_BigDecimal" nullable="true"/>
         <mapperTableEntries name="DFA_ADPY_DT" expression="row2.DFA_ADPY_DT " type="id_Date" nullable="true"/>
         <mapperTableEntries name="DFA_ADPY_DT" expression="row2.DFA_ADPY_DT " type="id_Date" nullable="true"/>
         <mapperTableEntries name="DFA_ADPY_CMT_TX" expression="row2.DFA_ADPY_CMT_TX " type="id_Date" nullable="true"/>
         <mapperTableEntries name="DFA_ADPY_CMT_TX" expression="row2.DFA_ADPY_CMT_TX " type="id_Date" nullable="true"/>
         <mapperTableEntries name="DFA_ADPY_VIN_NO" expression="row2.DFA_ADPY_VIN_NO " type="id_Short" nullable="true"/>
         <mapperTableEntries name="DFA_ADPY_VIN_NO" expression="row2.DFA_ADPY_VIN_NO " type="id_Short" nullable="true"/>
         <mapperTableEntries name="DFA_ADPY_REF_NO" expression="row2.DFA_ADPY_REF_NO " type="id_String" nullable="true"/>
         <mapperTableEntries name="DLR_FIN_ADJ_KEY" expression="row2.DLR_FIN_ADJ_KEY " type="id_String" nullable="true"/>
         <mapperTableEntries name="DLR_FIN_ADJ_KEY" expression="row2.DLR_FIN_ADJ_KEY " type="id_String" nullable="true"/>
         <mapperTableEntries name="DISTB_AM" expression="row2.DISTB_AM " type="id_BigDecimal" nullable="true"/>
         <mapperTableEntries name="DFA_ADPY_AM" expression="row2.DFA_ADPY_AM " type="id_BigDecimal" nullable="true"/>
         <mapperTableEntries name="DFA_ADPY_AM" expression="row2.DFA_ADPY_AM " type="id_BigDecimal" nullable="true"/>
         <mapperTableEntries name="DFA_ADPY_DT" expression="row2.DFA_ADPY_DT " type="id_Date" nullable="true"/>
         <mapperTableEntries name="DFA_ADPY_DT" expression="row2.DFA_ADPY_DT " type="id_Date" nullable="true"/>
         <mapperTableEntries name="DFA_ADPY_CMT_TX" expression="row2.DFA_ADPY_CMT_TX " type="id_Date" nullable="true"/>
         <mapperTableEntries name="DFA_ADPY_CMT_TX" expression="row2.DFA_ADPY_CMT_TX " type="id_Date" nullable="true"/>
         <mapperTableEntries name="DFA_ADPY_VIN_NO" expression="row2.DFA_ADPY_VIN_NO " type="id_Short" nullable="true"/>
         <mapperTableEntries name="DFA_ADPY_VIN_NO" expression="row2.DFA_ADPY_VIN_NO " type="id_Short" nullable="true"/>
        <mapperTableEntries name="INSERT_KEY" expression="100" type="id_Integer" nullable="true"/>
        <mapperTableEntries name="UPDATE_KEY" expression="200" type="id_Integer" nullable="true"/>
      </outputTables>
      <inputTables sizeState="INTERMEDIATE" name="row2" matchingMode="UNIQUE_MATCH" lookupMode="LOAD_ONCE">
        <mapperTableEntries name="DLR_FIN_ADJ_KEY" type="id_String" nullable="false"/>
        <mapperTableEntries name="DLR_FIN_ADJ_KEY" type="id_String" nullable="false"/>
        <mapperTableEntries name="DFA_ADPY_DISTB_AM" type="id_BigDecimal" nullable="true"/>
        <mapperTableEntries name="DFA_ADPY_AM" type="id_BigDecimal" nullable="true"/>
        <mapperTableEntries name="DFA_ADPY_AM" type="id_BigDecimal" nullable="true"/>
        <mapperTableEntries name="DFA_ADPY_DT" type="id_Date" nullable="true"/>
        <mapperTableEntries name="DFA_ADPY_DT" type="id_Date" nullable="true"/>
        <mapperTableEntries name="DFA_ADPY_CMT_TX" type="id_Date" nullable="true"/>
        <mapperTableEntries name="DFA_ADPY_CMT_TX" type="id_Date" nullable="true"/>
        <mapperTableEntries name="DFA_ADPY_VIN_NO" type="id_Short" nullable="true"/>
        <mapperTableEntries name="DFA_ADPY_VIN_NO" type="id_Short" nullable="true"/>
        <mapperTableEntries name="DFA_ADPY_REF_NO" type="id_String" nullable="true"/>
        <mapperTableEntries name="DLR_FIN_ADJ_KEY" type="id_String" nullable="true"/>
        <mapperTableEntries name="DLR_FIN_ADJ_KEY" type="id_String" nullable="true"/>
        <mapperTableEntries name="DISTB_AM" type="id_BigDecimal" nullable="true"/>
        <mapperTableEntries name="DFA_ADPY_AM" type="id_BigDecimal" nullable="true"/>
        <mapperTableEntries name="DFA_ADPY_AM" type="id_BigDecimal" nullable="true"/>
        <mapperTableEntries name="DFA_ADPY_DT" type="id_Date" nullable="true"/>
        <mapperTableEntries name="DFA_ADPY_DT" type="id_Date" nullable="true"/>
        <mapperTableEntries name="DFA_ADPY_CMT_TX" type="id_Date" nullable="true"/>
        <mapperTableEntries name="DFA_ADPY_CMT_TX" type="id_Date" nullable="true"/>
        <mapperTableEntries name="DFA_ADPY_VIN_NO" type="id_Short" nullable="true"/>
        <mapperTableEntries name="DFA_ADPY_VIN_NO" type="id_Short" nullable="true"/>
      </inputTables>
    </nodeData>
  </node>
  <node componentName="tMSSqlSCD" componentVersion="0.102" offsetLabelX="0" offsetLabelY="0" posX="448" posY="96">
    <elementParameter field="TEXT" name="UNIQUE_NAME" value="tMSSqlSCD_2" show="false"/>
    <elementParameter field="TECHNICAL" name="PROPERTY:PROPERTY_TYPE" value="REPOSITORY"/>
    <elementParameter field="TECHNICAL" name="PROPERTY:REPOSITORY_PROPERTY_TYPE" value="_nPm2YH6jEeiA8ZBmqjYs_Q" show="false"/>
    <elementParameter field="CHECK" name="USE_EXISTING_CONNECTION" value="false"/>
    <elementParameter field="COMPONENT_LIST" name="CONNECTION" value="" show="false"/>
    <elementParameter field="CLOSED_LIST" name="DRIVER" value="JTDS"/>
    <elementParameter field="TEXT" name="SERVER" value="context.mssql_powerbi_Server"/>
    <elementParameter field="TEXT" name="PORT" value="context.mssql_powerbi_Port"/>
    <elementParameter field="TEXT" name="DB_SCHEMA" value="context.mssql_powerbi_Schema"/>
    <elementParameter field="TEXT" name="DBNAME" value="context.mssql_powerbi_Database"/>
    <elementParameter field="TEXT" name="TYPE" value="MSSQL" show="false"/>
    <elementParameter field="TEXT" name="USER" value="context.mssql_powerbi_Login"/>
    <elementParameter field="PASSWORD" name="PASS" value="8pW6Nmy2kueNRc2WqlpbZW+jB7lbJhD4zUZP+Aet3Ec="/>
    <elementParameter field="DBTABLE" name="TABLE" value="&quot;ADJINFO_TRG&quot;"/>
    <elementParameter field="EXTERNAL" name="MAP" value=""/>
    <elementParameter field="COLUMN_LIST" name="SURROGATE_KEY" value="ADJ_ID" show="false"/>
    <elementParameter field="CLOSED_LIST" name="SK_CREATION" value="TABLE_MAX" show="false"/>
    <elementParameter field="PREV_COLUMN_LIST" name="SK_INPUT_FIELD" value="DLR_FIN_ADJ_KEY" show="false"/>
    <elementParameter field="TEXT" name="SK_ROUTINE" value="Numeric.sequence(&quot;seq&quot;, 1, 1)" show="false"/>
    <elementParameter field="TABLE" name="SOURCE_KEYS" show="false">
      <elementValue elementRef="NAME" value="DLR_FIN_ADJ_KEY"/>
    </elementParameter>
    <elementParameter field="CHECK" name="USE_SAVE_MEM_MODE" value="false"/>
    <elementParameter field="CHECK" name="SOURCE_KEY_INC_NULL" value="false"/>
    <elementParameter field="CHECK" name="USE_L0" value="true" show="false"/>
    <elementParameter field="TABLE" name="L0_FIELDS" show="false">
      <elementValue elementRef="NAME" value="DFA_ADPY_DISTB_AM"/>
      <elementValue elementRef="NAME" value="DFA_ADPY_AM"/>
      <elementValue elementRef="NAME" value="DFA_ADPY_DT"/>
      <elementValue elementRef="NAME" value="DFA_ADPY_CMT_TX"/>
      <elementValue elementRef="NAME" value="DFA_ADPY_REF_NO"/>
      <elementValue elementRef="NAME" value="DFA_ADPY_AM"/>
      <elementValue elementRef="NAME" value="INSERT_KEY"/>
      <elementValue elementRef="NAME" value="UPDATE_KEY"/>
    </elementParameter>
    <elementParameter field="CHECK" name="USE_L1" value="false" show="false"/>
    <elementParameter field="CHECK" name="ONLY_UPDATE_ACTIVE" value="false" show="false"/>
    <elementParameter field="CHECK" name="USE_L2" value="true" show="false"/>
    <elementParameter field="TABLE" name="L2_FIELDS" show="false">
      <elementValue elementRef="NAME" value="DFA_ADPY_VIN_NO"/>
      <elementValue elementRef="NAME" value="DISTB_AM"/>
      <elementValue elementRef="NAME" value="DFA_ADPY_DT"/>
      <elementValue elementRef="NAME" value="DFA_ADPY_CMT_TX"/>
      <elementValue elementRef="NAME" value="DFA_ADPY_VIN_NO"/>
    </elementParameter>
    <elementParameter field="COLUMN_LIST" name="L2_STARTDATE_FIELD" value="EFF_DT" show="false"/>
    <elementParameter field="CLOSED_LIST" name="L2_STARTDATE_VALUE" value="JOB_START_TIME" show="false"/>
    <elementParameter field="PREV_COLUMN_LIST" name="L2_STARTDATE_INPUT_FIELD" value="DLR_FIN_ADJ_KEY" show="false"/>
    <elementParameter field="COLUMN_LIST" name="L2_ENDDATE_FIELD" value="EXP_DT" show="false"/>
    <elementParameter field="CLOSED_LIST" name="L2_ENDDATE_VALUE" value="FIXED_VALUE" show="false"/>
    <elementParameter field="TEXT" name="L2_ENDDATE_FIXED_VALUE" value="9999" show="false"/>
    <elementParameter field="CHECK" name="USE_L2_ACTIVE" value="false" show="false"/>
    <elementParameter field="COLUMN_LIST" name="L2_ACTIVE_FIELD" value="" show="false"/>
    <elementParameter field="CHECK" name="USE_L2_VERSION" value="false" show="false"/>
    <elementParameter field="COLUMN_LIST" name="L2_VERSION_FIELD" value="" show="false"/>
    <elementParameter field="LABEL" name="NOTE" value="(Version must be an Integer)" show="false"/>
    <elementParameter field="CHECK" name="USE_L3" value="false" show="false"/>
    <elementParameter field="TABLE" name="L3_FIELDS" show="false"/>
    <elementParameter field="CHECK" name="DIE_ON_ERROR" value="false"/>
    <elementParameter field="TEXT" name="L2_ENDDATE_TIME_DETAILS" value="&quot;12:00:00&quot;"/>
    <elementParameter field="LABEL" name="NOICE" value="(Time pattern: 'HH:mm:ss')"/>
    <elementParameter field="CHECK" name="DEBUG" value="false"/>
    <elementParameter field="TEXT" name="PROPERTIES" value="context.mssql_powerbi_AdditionalParams"/>
    <elementParameter field="TEXT" name="SCHEMA_OPT_NUM" value="100" show="false"/>
    <elementParameter field="TEXT" name="CONNECTION_FORMAT" value="row"/>
    <metadata connector="FLOW" label="ADJINFO_TRG" name="tMSSqlSCD_2">
      <column comment="" key="false" length="0" name="ADJ_ID" nullable="true" pattern="" precision="0" sourceType="INT" type="id_Integer" usefulColumn="true">
        <additionalField key="Comment" value=""/>
      </column>
      <column comment="" key="false" length="10" name="DLR_FIN_ADJ_KEY" nullable="false" pattern="" precision="0" sourceType="CHAR" type="id_String" usefulColumn="true">
        <additionalField key="Comment" value=""/>
      </column>
      <column comment="" key="false" length="0" name="DFA_ADPY_DISTB_AM" nullable="true" pattern="" precision="10" sourceType="NUMERIC" type="id_BigDecimal" usefulColumn="true">
        <additionalField key="Comment" value=""/>
      </column>
      <column comment="" key="false" length="0" name="DFA_ADPY_AM" nullable="true" pattern="" precision="10" sourceType="DECIMAL" type="id_BigDecimal" usefulColumn="true">
        <additionalField key="Comment" value=""/>
      </column>
      <column comment="" key="false" length="0" name="DFA_ADPY_DT" nullable="true" pattern="dd-MM-yyyy" precision="0" sourceType="DATE" type="id_Date" usefulColumn="true">
        <additionalField key="Comment" value=""/>
      </column>
      <column comment="" key="false" length="0" name="DFA_ADPY_CMT_TX" nullable="true" pattern="dd-MM-yyyy" precision="26" sourceType="DATETIME" type="id_Date" usefulColumn="true">
        <additionalField key="Comment" value=""/>
      </column>
      <column comment="" key="false" length="0" name="DFA_ADPY_VIN_NO" nullable="true" pattern="" precision="0" sourceType="SMALLINT" type="id_Short" usefulColumn="true">
        <additionalField key="Comment" value=""/>
      </column>
      <column comment="" key="false" length="20" name="DFA_ADPY_REF_NO" nullable="true" pattern="" precision="20" sourceType="NVARCHAR" type="id_String" usefulColumn="true">
        <additionalField key="Comment" value=""/>
      </column>
      <column comment="" key="false" length="0" name="ADJ_ID" nullable="true" pattern="" precision="10" sourceType="INT" type="id_Integer" usefulColumn="true">
        <additionalField key="Comment" value=""/>
      </column>
      <column comment="" key="false" length="10" name="DLR_FIN_ADJ_KEY" nullable="true" pattern="" precision="0" sourceType="CHAR" type="id_String" usefulColumn="true">
        <additionalField key="Comment" value=""/>
      </column>
      <column comment="" key="false" length="0" name="DISTB_AM" nullable="true" pattern="" precision="10" sourceType="NUMERIC" type="id_BigDecimal" usefulColumn="true">
        <additionalField key="Comment" value=""/>
      </column>
      <column comment="" key="false" length="0" name="DFA_ADPY_AM" nullable="true" pattern="" precision="10" sourceType="DECIMAL" type="id_BigDecimal" usefulColumn="true">
        <additionalField key="Comment" value=""/>
      </column>
      <column comment="" key="false" length="0" name="DFA_ADPY_DT" nullable="true" pattern="dd-MM-yyyy" precision="0" sourceType="DATE" type="id_Date" usefulColumn="true">
        <additionalField key="Comment" value=""/>
      </column>
      <column comment="" key="false" length="0" name="DFA_ADPY_CMT_TX" nullable="true" pattern="dd-MM-yyyy" precision="0" sourceType="DATETIME" type="id_Date" usefulColumn="true">
        <additionalField key="Comment" value=""/>
      </column>
      <column comment="" key="false" length="0" name="DFA_ADPY_VIN_NO" nullable="true" pattern="" precision="5" sourceType="SMALLINT" type="id_Short" usefulColumn="true">
        <additionalField key="Comment" value=""/>
      </column>
      <column comment="" key="false" length="10" name="INSERT_KEY" nullable="true" pattern="" precision="0" sourceType="INT" type="id_Integer" usefulColumn="true">
        <additionalField key="Comment" value=""/>
      </column>
      <column comment="" key="false" length="10" name="UPDATE_KEY" nullable="true" pattern="" precision="0" sourceType="INT" type="id_Integer" usefulColumn="true">
        <additionalField key="Comment" value=""/>
      </column>
     <column comment="Column generated by scd editor." defaultValue="" key="false" length="-1" name="EFF_DT" nullable="false" pattern="" precision="-1" sourceType="" type="id_Date" originalLength="-1" usefulColumn="true"/>
      <column comment="Column generated by scd editor." defaultValue="" key="false" length="-1" name="EXP_DT" nullable="false" pattern="" precision="-1" sourceType="" type="id_Date" originalLength="-1" usefulColumn="true"/>
      <column comment="Column generated by scd editor." defaultValue="" key="true" length="-1" name="DLR_FIN_ADJ_KEY" nullable="false" pattern="" precision="-1" sourceType="" type="id_Integer" originalLength="-1" usefulColumn="true"/>
      <additionalProperties key="Comment" value=""/>
    </metadata>
    <metadata connector="REJECT" label="ADJINFO_TRG" name="REJECT">
      <column comment="" key="false" length="0" name="ADJ_ID" nullable="true" pattern="" precision="0" sourceType="INT" type="id_Integer" usefulColumn="true">
        <additionalField key="Comment" value=""/>
      </column>
      <column comment="" key="false" length="10" name="DLR_FIN_ADJ_KEY" nullable="false" pattern="" precision="0" sourceType="CHAR" type="id_String" usefulColumn="true">
        <additionalField key="Comment" value=""/>
      </column>
      <column comment="" key="false" length="0" name="DFA_ADPY_DISTB_AM" nullable="true" pattern="" precision="10" sourceType="NUMERIC" type="id_BigDecimal" usefulColumn="true">
        <additionalField key="Comment" value=""/>
      </column>
      <column comment="" key="false" length="0" name="DFA_ADPY_AM" nullable="true" pattern="" precision="10" sourceType="DECIMAL" type="id_BigDecimal" usefulColumn="true">
        <additionalField key="Comment" value=""/>
      </column>
      <column comment="" key="false" length="0" name="DFA_ADPY_DT" nullable="true" pattern="dd-MM-yyyy" precision="0" sourceType="DATE" type="id_Date" usefulColumn="true">
        <additionalField key="Comment" value=""/>
      </column>
      <column comment="" key="false" length="0" name="DFA_ADPY_CMT_TX" nullable="true" pattern="dd-MM-yyyy" precision="26" sourceType="DATETIME" type="id_Date" usefulColumn="true">
        <additionalField key="Comment" value=""/>
      </column>
      <column comment="" key="false" length="0" name="DFA_ADPY_VIN_NO" nullable="true" pattern="" precision="0" sourceType="SMALLINT" type="id_Short" usefulColumn="true">
        <additionalField key="Comment" value=""/>
      </column>
      <column comment="" key="false" length="20" name="DFA_ADPY_REF_NO" nullable="true" pattern="" precision="20" sourceType="NVARCHAR" type="id_String" usefulColumn="true">
        <additionalField key="Comment" value=""/>
      </column>
      <column comment="" key="false" length="0" name="ADJ_ID" nullable="true" pattern="" precision="10" sourceType="INT" type="id_Integer" usefulColumn="true">
        <additionalField key="Comment" value=""/>
      </column>
      <column comment="" key="false" length="10" name="DLR_FIN_ADJ_KEY" nullable="true" pattern="" precision="0" sourceType="CHAR" type="id_String" usefulColumn="true">
        <additionalField key="Comment" value=""/>
      </column>
      <column comment="" key="false" length="0" name="DISTB_AM" nullable="true" pattern="" precision="10" sourceType="NUMERIC" type="id_BigDecimal" usefulColumn="true">
        <additionalField key="Comment" value=""/>
      </column>
      <column comment="" key="false" length="0" name="DFA_ADPY_AM" nullable="true" pattern="" precision="10" sourceType="DECIMAL" type="id_BigDecimal" usefulColumn="true">
        <additionalField key="Comment" value=""/>
      </column>
      <column comment="" key="false" length="0" name="DFA_ADPY_DT" nullable="true" pattern="dd-MM-yyyy" precision="0" sourceType="DATE" type="id_Date" usefulColumn="true">
        <additionalField key="Comment" value=""/>
      </column>
      <column comment="" key="false" length="0" name="DFA_ADPY_CMT_TX" nullable="true" pattern="dd-MM-yyyy" precision="0" sourceType="DATETIME" type="id_Date" usefulColumn="true">
        <additionalField key="Comment" value=""/>
      </column>
      <column comment="" key="false" length="0" name="DFA_ADPY_VIN_NO" nullable="true" pattern="" precision="5" sourceType="SMALLINT" type="id_Short" usefulColumn="true">
        <additionalField key="Comment" value=""/>
      </column>
      <column comment="" key="false" length="10" name="INSERT_KEY" nullable="true" pattern="" precision="0" sourceType="INT" type="id_Integer" usefulColumn="true">
        <additionalField key="Comment" value=""/>
      </column>
      <column comment="" key="false" length="10" name="UPDATE_KEY" nullable="true" pattern="" precision="0" sourceType="INT" type="id_Integer" usefulColumn="true">
        <additionalField key="Comment" value=""/>
      </column>
      <column defaultValue="" key="false" length="255" name="errorCode" nullable="true" precision="0" sourceType="" type="id_String" originalLength="-1" usefulColumn="true"/>
      <column defaultValue="" key="false" length="255" name="errorMessage" nullable="true" precision="0" sourceType="" type="id_String" originalLength="-1" usefulColumn="true"/>
      <additionalProperties key="Comment" value=""/>
    </metadata>
  </node>
  <connection connectorName="FLOW" label="row2" lineStyle="0" metaname="tMSSqlInput_2" offsetLabelX="0" offsetLabelY="0" source="tMSSqlInput_2" target="tMap_1">
    <elementParameter field="CHECK" name="MONITOR_CONNECTION" value="false"/>
    <elementParameter field="TEXT" name="UNIQUE_NAME" value="row2" show="false"/>
  </connection>
  <connection connectorName="FLOW" label="out" lineStyle="0" metaname="out" offsetLabelX="0" offsetLabelY="0" source="tMap_1" target="tMSSqlSCD_2">
    <elementParameter field="CHECK" name="MONITOR_CONNECTION" value="false"/>
    <elementParameter field="TEXT" name="UNIQUE_NAME" value="out" show="false"/>
  </connection>
  <subjob>
    <elementParameter field="TEXT" name="UNIQUE_NAME" value="tMSSqlInput_2" show="false"/>
    <elementParameter field="COLOR" name="SUBJOB_TITLE_COLOR" value="92;131;150" show="false"/>
    <elementParameter field="COLOR" name="SUBJOB_COLOR" value="207;226;236"/>
  </subjob>
</talendfile:ProcessType>
